#SampleID	TYPE	PART	INJECTION	TREATMENT	BarcodeSequence	MOUSE NUM	PLATE
A3	Lumen	COLON	PO	ampicilin	TAATCGGTGCCA	3	1
A6	Lumen	COLON	PO	ampicilin	ACCTTACACCTT	6	1
A7	Lumen	COLON	IP	ampicilin	TGACTAATGGCC	7	1
X4	Lumen	COLON	PO	mix	AATAACTAGGGT	4	1
X5	Lumen	COLON	PO	mix	TATTGCAGCAGC	5	1
X7	Lumen	COLON	IP	mix	GTAGTAGACCAT	7	1
C14	Lumen	COLON	IV	pbs	GAAATCTTGAAG	14	1
C17	Lumen	COLON	IV	pbs	GAGATACAGTTC	17	1
C18	Lumen	COLON	IV	pbs	GTGGAGTCTCAT	18	1
V14	Lumen	COLON	IV	vancomycin	TGATATCGTCTT	14	1
V16	Lumen	COLON	IV	vancomycin	CGGTGACCTACT	16	1
V17	Lumen	COLON	IV	vancomycin	AATGCGCGTATA	17	1
C3-MUCUS	MUCUS	SI	PO	PBS	ACTACTGAGGAT	3	1
C10-MUCUS	MUCUS	SI	IP	PBS	TACCGAAGGTAT	10	1
A12	MUCUS	SI	IP	ampicilin	ATCTAGTGGCAA	12	1
M13	MUCUS	SI	PO	metranedazol	GTCAACGCTGTC	13	1
M14	MUCUS	SI	PO	metranedazol	TGAGACCCTACA	14	1
M18	MUCUS	SI	PO	metranedazol	ACTTGGTGTAAG	18	1
N7	MUCUS	SI	IP	neomycin	ATTACGTATCAT	7	1
N10	MUCUS	SI	IP	neomycin	CACGCAGTCTAC	10	1
N11	MUCUS	SI	IP	neomycin	TGTGCACGCCAT	11	1
N12	MUCUS	SI	IP	neomycin	CCGGACAAGAAG	12	1
A2	Lumen	SI	PO	ampicilin	TCCATACCGGAA	2	1
C3	Lumen	SI	PO	pbs	CGGGACACCCGA	3	1
C10	Lumen	SI	IP	pbs	CGTTTGGAATGA	10	1
C11	Lumen	SI	IP	pbs	AAGAACTCATGA	11	1