#SampleID	BarcodeSequence	LinkerPrimerSequence	ReversePrimer	antibiotic	day	treatment	mouse	treatmentMouse	treatmentMouse_Day	order	Description
A1.d0	AGCCTTCGTCGC	TATGGTAATTGTGTGCCAGCMGCCGCGGTAA	ATTAGAWACCCBDGTAGTCCGGCTGACTGACT	amp	0	gavage	1	amp1	amp1_d0	2	A1.d0
A2.d0	TCCATACCGGAA	TATGGTAATTGTGTGCCAGCMGCCGCGGTAA	ATTAGAWACCCBDGTAGTCCGGCTGACTGACT	amp	0	gavage	2	amp2	amp2_d0	2	A2.d0
A3.d0	AGCCCTGCTACA	TATGGTAATTGTGTGCCAGCMGCCGCGGTAA	ATTAGAWACCCBDGTAGTCCGGCTGACTGACT	amp	0	gavage	3	amp3	amp3_d0	2	A3.d0
A4.d0	CCTAACGGTCCA	TATGGTAATTGTGTGCCAGCMGCCGCGGTAA	ATTAGAWACCCBDGTAGTCCGGCTGACTGACT	amp	0	gavage	4	amp4	amp4_d0	2	A4.d0
A5.d0	CGCGCCTTAAAC	TATGGTAATTGTGTGCCAGCMGCCGCGGTAA	ATTAGAWACCCBDGTAGTCCGGCTGACTGACT	amp	0	gavage	5	amp5	amp5_d0	2	A5.d0
A6.d0	TATGGTACCCAG	TATGGTAATTGTGTGCCAGCMGCCGCGGTAA	ATTAGAWACCCBDGTAGTCCGGCTGACTGACT	amp	0	gavage	6	amp6	amp6_d0	2	A6.d0
A7.d0	TACAATATCTGT	TATGGTAATTGTGTGCCAGCMGCCGCGGTAA	ATTAGAWACCCBDGTAGTCCGGCTGACTGACT	amp	0	IP	7	amp7	amp7_d0	2	A7.d0
A8.d0	AATTTAGGTAGG	TATGGTAATTGTGTGCCAGCMGCCGCGGTAA	ATTAGAWACCCBDGTAGTCCGGCTGACTGACT	amp	0	IP	8	amp8	amp8_d0	2	A8.d0
A9.d0	GACTCAACCAGT	TATGGTAATTGTGTGCCAGCMGCCGCGGTAA	ATTAGAWACCCBDGTAGTCCGGCTGACTGACT	amp	0	IP	9	amp9	amp9_d0	2	A9.d0
A10.d0	GCCTCTACGTCG	TATGGTAATTGTGTGCCAGCMGCCGCGGTAA	ATTAGAWACCCBDGTAGTCCGGCTGACTGACT	amp	0	IP	10	amp10	amp10_d0	2	A10.d0
A11.d0	ACTACTGAGGAT	TATGGTAATTGTGTGCCAGCMGCCGCGGTAA	ATTAGAWACCCBDGTAGTCCGGCTGACTGACT	amp	0	IP	11	amp11	amp11_d0	2	A11.d0
A12.d0	AATTCACCTCCT	TATGGTAATTGTGTGCCAGCMGCCGCGGTAA	ATTAGAWACCCBDGTAGTCCGGCTGACTGACT	amp	0	IV	12	amp12	amp12_d0	2	A12.d0
A13.d0	CGTATAAATGCG	TATGGTAATTGTGTGCCAGCMGCCGCGGTAA	ATTAGAWACCCBDGTAGTCCGGCTGACTGACT	amp	0	IV	13	amp13	amp13_d0	2	A13.d0
A14.d0	ATGCTGCAACAC	TATGGTAATTGTGTGCCAGCMGCCGCGGTAA	ATTAGAWACCCBDGTAGTCCGGCTGACTGACT	amp	0	IV	14	amp14	amp14_d0	2	A14.d0
A15.d0	ACTCGCTCGCTG	TATGGTAATTGTGTGCCAGCMGCCGCGGTAA	ATTAGAWACCCBDGTAGTCCGGCTGACTGACT	amp	0	IV	15	amp15	amp15_d0	2	A15.d0
A16.d0	TTCCTTAGTAGT	TATGGTAATTGTGTGCCAGCMGCCGCGGTAA	ATTAGAWACCCBDGTAGTCCGGCTGACTGACT	amp	0	IV	16	amp16	amp16_d0	2	A16.d0
A17.d0	CGTCCGTATGAA	TATGGTAATTGTGTGCCAGCMGCCGCGGTAA	ATTAGAWACCCBDGTAGTCCGGCTGACTGACT	amp	0	IV	17	amp17	amp17_d0	2	A17.d0
A18.d0	ACGTGAGGAACG	TATGGTAATTGTGTGCCAGCMGCCGCGGTAA	ATTAGAWACCCBDGTAGTCCGGCTGACTGACT	amp	0	IV	18	amp18	amp18_d0	2	A18.d0
V1.d0	GGTTGCCCTGTA	TATGGTAATTGTGTGCCAGCMGCCGCGGTAA	ATTAGAWACCCBDGTAGTCCGGCTGACTGACT	van	0	gavage	1	van1	van1_d0	3	V1.d0
V2.d0	CATATAGCCCGA	TATGGTAATTGTGTGCCAGCMGCCGCGGTAA	ATTAGAWACCCBDGTAGTCCGGCTGACTGACT	van	0	gavage	2	van2	van2_d0	3	V2.d0
V3.d0	GCCTATGAGATC	TATGGTAATTGTGTGCCAGCMGCCGCGGTAA	ATTAGAWACCCBDGTAGTCCGGCTGACTGACT	van	0	gavage	3	van3	van3_d0	3	V3.d0
V4.d0	CAAGTGAAGGGA	TATGGTAATTGTGTGCCAGCMGCCGCGGTAA	ATTAGAWACCCBDGTAGTCCGGCTGACTGACT	van	0	gavage	4	van4	van4_d0	3	V4.d0
V5.d0	CACGTTTATTCC	TATGGTAATTGTGTGCCAGCMGCCGCGGTAA	ATTAGAWACCCBDGTAGTCCGGCTGACTGACT	van	0	gavage	5	van5	van5_d0	3	V5.d0
V6.d0	TAATCGGTGCCA	TATGGTAATTGTGTGCCAGCMGCCGCGGTAA	ATTAGAWACCCBDGTAGTCCGGCTGACTGACT	van	0	gavage	6	van6	van6_d0	3	V6.d0
V7.d0	TGACTAATGGCC	TATGGTAATTGTGTGCCAGCMGCCGCGGTAA	ATTAGAWACCCBDGTAGTCCGGCTGACTGACT	van	0	IP	7	van7	van7_d0	3	V7.d0
V8.d0	CGGGACACCCGA	TATGGTAATTGTGTGCCAGCMGCCGCGGTAA	ATTAGAWACCCBDGTAGTCCGGCTGACTGACT	van	0	IP	8	van8	van8_d0	3	V8.d0
V9.d0	CTGTCTATACTA	TATGGTAATTGTGTGCCAGCMGCCGCGGTAA	ATTAGAWACCCBDGTAGTCCGGCTGACTGACT	van	0	IP	9	van9	van9_d0	3	V9.d0
V10.d0	TATGCCAGAGAT	TATGGTAATTGTGTGCCAGCMGCCGCGGTAA	ATTAGAWACCCBDGTAGTCCGGCTGACTGACT	van	0	IP	10	van10	van10_d0	3	V10.d0
V11.d0	CGTTTGGAATGA	TATGGTAATTGTGTGCCAGCMGCCGCGGTAA	ATTAGAWACCCBDGTAGTCCGGCTGACTGACT	van	0	IP	11	van11	van11_d0	3	V11.d0
V12.d0	AAGAACTCATGA	TATGGTAATTGTGTGCCAGCMGCCGCGGTAA	ATTAGAWACCCBDGTAGTCCGGCTGACTGACT	van	0	IV	12	van12	van12_d0	3	V12.d0
V13.d0	TGATATCGTCTT	TATGGTAATTGTGTGCCAGCMGCCGCGGTAA	ATTAGAWACCCBDGTAGTCCGGCTGACTGACT	van	0	IV	13	van13	van13_d0	3	V13.d0
V14.d0	CGGTGACCTACT	TATGGTAATTGTGTGCCAGCMGCCGCGGTAA	ATTAGAWACCCBDGTAGTCCGGCTGACTGACT	van	0	IV	14	van14	van14_d0	3	V14.d0
V15.d0	AATGCGCGTATA	TATGGTAATTGTGTGCCAGCMGCCGCGGTAA	ATTAGAWACCCBDGTAGTCCGGCTGACTGACT	van	0	IV	15	van15	van15_d0	3	V15.d0
V16.d0	CTTGATTCTTGA	TATGGTAATTGTGTGCCAGCMGCCGCGGTAA	ATTAGAWACCCBDGTAGTCCGGCTGACTGACT	van	0	IV	16	van16	van16_d0	3	V16.d0
V17.d0	GAAATCTTGAAG	TATGGTAATTGTGTGCCAGCMGCCGCGGTAA	ATTAGAWACCCBDGTAGTCCGGCTGACTGACT	van	0	IV	17	van17	van17_d0	3	V17.d0
V18.d0	GAGATACAGTTC	TATGGTAATTGTGTGCCAGCMGCCGCGGTAA	ATTAGAWACCCBDGTAGTCCGGCTGACTGACT	van	0	IV	18	van18	van18_d0	3	V18.d0
M1.d0	GTGGAGTCTCAT	TATGGTAATTGTGTGCCAGCMGCCGCGGTAA	ATTAGAWACCCBDGTAGTCCGGCTGACTGACT	met	0	gavage	1	met1	met1_d0	5	M1.d0
M2.d0	ACCTTACACCTT	TATGGTAATTGTGTGCCAGCMGCCGCGGTAA	ATTAGAWACCCBDGTAGTCCGGCTGACTGACT	met	0	gavage	2	met2	met2_d0	5	M2.d0
M3.d0	TAATCTCGCCGG	TATGGTAATTGTGTGCCAGCMGCCGCGGTAA	ATTAGAWACCCBDGTAGTCCGGCTGACTGACT	met	0	gavage	3	met3	met3_d0	5	M3.d0
M4.d0	ATCTAGTGGCAA	TATGGTAATTGTGTGCCAGCMGCCGCGGTAA	ATTAGAWACCCBDGTAGTCCGGCTGACTGACT	met	0	gavage	4	met4	met4_d0	5	M4.d0
M5.d0	ACGCTTAACGAC	TATGGTAATTGTGTGCCAGCMGCCGCGGTAA	ATTAGAWACCCBDGTAGTCCGGCTGACTGACT	met	0	gavage	5	met5	met5_d0	5	M5.d0
M6.d0	TACGGATTATGG	TATGGTAATTGTGTGCCAGCMGCCGCGGTAA	ATTAGAWACCCBDGTAGTCCGGCTGACTGACT	met	0	gavage	6	met6	met6_d0	5	M6.d0
M7.d0	ATACATGCAAGA	TATGGTAATTGTGTGCCAGCMGCCGCGGTAA	ATTAGAWACCCBDGTAGTCCGGCTGACTGACT	met	0	IP	7	met7	met7_d0	5	M7.d0
M8.d0	CTTAGTGCAGAA	TATGGTAATTGTGTGCCAGCMGCCGCGGTAA	ATTAGAWACCCBDGTAGTCCGGCTGACTGACT	met	0	IP	8	met8	met8_d0	5	M8.d0
M9.d0	AATCTTGCGCCG	TATGGTAATTGTGTGCCAGCMGCCGCGGTAA	ATTAGAWACCCBDGTAGTCCGGCTGACTGACT	met	0	IP	9	met9	met9_d0	5	M9.d0
M10.d0	AGGATCAGGGAA	TATGGTAATTGTGTGCCAGCMGCCGCGGTAA	ATTAGAWACCCBDGTAGTCCGGCTGACTGACT	met	0	IP	10	met10	met10_d0	5	M10.d0
M11.d0	AATAACTAGGGT	TATGGTAATTGTGTGCCAGCMGCCGCGGTAA	ATTAGAWACCCBDGTAGTCCGGCTGACTGACT	met	0	IP	11	met11	met11_d0	5	M11.d0
M12.d0	TATTGCAGCAGC	TATGGTAATTGTGTGCCAGCMGCCGCGGTAA	ATTAGAWACCCBDGTAGTCCGGCTGACTGACT	met	0	IV	12	met12	met12_d0	5	M12.d0
M13.d0	TGATGTGCTAAG	TATGGTAATTGTGTGCCAGCMGCCGCGGTAA	ATTAGAWACCCBDGTAGTCCGGCTGACTGACT	met	0	IV	13	met13	met13_d0	5	M13.d0
M14.d0	GTAGTAGACCAT	TATGGTAATTGTGTGCCAGCMGCCGCGGTAA	ATTAGAWACCCBDGTAGTCCGGCTGACTGACT	met	0	IV	14	met14	met14_d0	5	M14.d0
M15.d0	AGTAAAGATCGT	TATGGTAATTGTGTGCCAGCMGCCGCGGTAA	ATTAGAWACCCBDGTAGTCCGGCTGACTGACT	met	0	IV	15	met15	met15_d0	5	M15.d0
M16.d0	CTCGCCCTCGCC	TATGGTAATTGTGTGCCAGCMGCCGCGGTAA	ATTAGAWACCCBDGTAGTCCGGCTGACTGACT	met	0	IV	16	met16	met16_d0	5	M16.d0
M17.d0	TCTCTTTCGACA	TATGGTAATTGTGTGCCAGCMGCCGCGGTAA	ATTAGAWACCCBDGTAGTCCGGCTGACTGACT	met	0	IV	17	met17	met17_d0	5	M17.d0
M18.d0	ACATACTGAGCA	TATGGTAATTGTGTGCCAGCMGCCGCGGTAA	ATTAGAWACCCBDGTAGTCCGGCTGACTGACT	met	0	IV	18	met18	met18_d0	5	M18.d0
N1.d0	GTTGATACGATG	TATGGTAATTGTGTGCCAGCMGCCGCGGTAA	ATTAGAWACCCBDGTAGTCCGGCTGACTGACT	neo	0	gavage	1	neo1	neo1_d0	4	N1.d0
N2.d0	GTCAACGCTGTC	TATGGTAATTGTGTGCCAGCMGCCGCGGTAA	ATTAGAWACCCBDGTAGTCCGGCTGACTGACT	neo	0	gavage	2	neo2	neo2_d0	4	N2.d0
N3.d0	TGAGACCCTACA	TATGGTAATTGTGTGCCAGCMGCCGCGGTAA	ATTAGAWACCCBDGTAGTCCGGCTGACTGACT	neo	0	gavage	3	neo3	neo3_d0	4	N3.d0
N4.d0	ACTTGGTGTAAG	TATGGTAATTGTGTGCCAGCMGCCGCGGTAA	ATTAGAWACCCBDGTAGTCCGGCTGACTGACT	neo	0	gavage	4	neo4	neo4_d0	4	N4.d0
N5.d0	ATTACGTATCAT	TATGGTAATTGTGTGCCAGCMGCCGCGGTAA	ATTAGAWACCCBDGTAGTCCGGCTGACTGACT	neo	0	gavage	5	neo5	neo5_d0	4	N5.d0
N6.d0	CACGCAGTCTAC	TATGGTAATTGTGTGCCAGCMGCCGCGGTAA	ATTAGAWACCCBDGTAGTCCGGCTGACTGACT	neo	0	gavage	6	neo6	neo6_d0	4	N6.d0
N7.d0	TGTGCACGCCAT	TATGGTAATTGTGTGCCAGCMGCCGCGGTAA	ATTAGAWACCCBDGTAGTCCGGCTGACTGACT	neo	0	IP	7	neo7	neo7_d0	4	N7.d0
N8.d0	CCGGACAAGAAG	TATGGTAATTGTGTGCCAGCMGCCGCGGTAA	ATTAGAWACCCBDGTAGTCCGGCTGACTGACT	neo	0	IP	8	neo8	neo8_d0	4	N8.d0
N9.d0	TTGCTGGACGCT	TATGGTAATTGTGTGCCAGCMGCCGCGGTAA	ATTAGAWACCCBDGTAGTCCGGCTGACTGACT	neo	0	IP	9	neo9	neo9_d0	4	N9.d0
N10.d0	TACTAACGCGGT	TATGGTAATTGTGTGCCAGCMGCCGCGGTAA	ATTAGAWACCCBDGTAGTCCGGCTGACTGACT	neo	0	IP	10	neo10	neo10_d0	4	N10.d0
N11.d0	GCGATCACACCT	TATGGTAATTGTGTGCCAGCMGCCGCGGTAA	ATTAGAWACCCBDGTAGTCCGGCTGACTGACT	neo	0	IP	11	neo11	neo11_d0	4	N11.d0
N12.d0	CAAACGCACTAA	TATGGTAATTGTGTGCCAGCMGCCGCGGTAA	ATTAGAWACCCBDGTAGTCCGGCTGACTGACT	neo	0	IV	12	neo12	neo12_d0	4	N12.d0
N13.d0	GAAGAGGGTTGA	TATGGTAATTGTGTGCCAGCMGCCGCGGTAA	ATTAGAWACCCBDGTAGTCCGGCTGACTGACT	neo	0	IV	13	neo13	neo13_d0	4	N13.d0
N14.d0	TGAGTGGTCTGT	TATGGTAATTGTGTGCCAGCMGCCGCGGTAA	ATTAGAWACCCBDGTAGTCCGGCTGACTGACT	neo	0	IV	14	neo14	neo14_d0	4	N14.d0
N15.d0	TTACACAAAGGC	TATGGTAATTGTGTGCCAGCMGCCGCGGTAA	ATTAGAWACCCBDGTAGTCCGGCTGACTGACT	neo	0	IV	15	neo15	neo15_d0	4	N15.d0
N16.d0	ACGACGCATTTG	TATGGTAATTGTGTGCCAGCMGCCGCGGTAA	ATTAGAWACCCBDGTAGTCCGGCTGACTGACT	neo	0	IV	16	neo16	neo16_d0	4	N16.d0
N17.d0	TATCCAAGCGCA	TATGGTAATTGTGTGCCAGCMGCCGCGGTAA	ATTAGAWACCCBDGTAGTCCGGCTGACTGACT	neo	0	IV	17	neo17	neo17_d0	4	N17.d0
N18.d0	AGAGCCAAGAGC	TATGGTAATTGTGTGCCAGCMGCCGCGGTAA	ATTAGAWACCCBDGTAGTCCGGCTGACTGACT	neo	0	IV	18	neo18	neo18_d0	4	N18.d0
X1.d0	GGTGAGCAAGCA	TATGGTAATTGTGTGCCAGCMGCCGCGGTAA	ATTAGAWACCCBDGTAGTCCGGCTGACTGACT	mix	0	gavage	1	mix1	mix1_d0	6	X1.d0
X2.d0	TAAATATACCCT	TATGGTAATTGTGTGCCAGCMGCCGCGGTAA	ATTAGAWACCCBDGTAGTCCGGCTGACTGACT	mix	0	gavage	2	mix2	mix2_d0	6	X2.d0
X3.d0	TTGCGGACCCTA	TATGGTAATTGTGTGCCAGCMGCCGCGGTAA	ATTAGAWACCCBDGTAGTCCGGCTGACTGACT	mix	0	gavage	3	mix3	mix3_d0	6	X3.d0
X4.d0	GTCGTCCAAATG	TATGGTAATTGTGTGCCAGCMGCCGCGGTAA	ATTAGAWACCCBDGTAGTCCGGCTGACTGACT	mix	0	gavage	4	mix4	mix4_d0	6	X4.d0
X6.d0	TTACTGTGGCCG	TATGGTAATTGTGTGCCAGCMGCCGCGGTAA	ATTAGAWACCCBDGTAGTCCGGCTGACTGACT	mix	0	gavage	6	mix6	mix6_d0	6	X6.d0
X7.d0	GGTTCATGAACA	TATGGTAATTGTGTGCCAGCMGCCGCGGTAA	ATTAGAWACCCBDGTAGTCCGGCTGACTGACT	mix	0	IP	7	mix7	mix7_d0	6	X7.d0
X8.d0	TAACAATAATTC	TATGGTAATTGTGTGCCAGCMGCCGCGGTAA	ATTAGAWACCCBDGTAGTCCGGCTGACTGACT	mix	0	IP	8	mix8	mix8_d0	6	X8.d0
X9.d0	CTTATTAAACGT	TATGGTAATTGTGTGCCAGCMGCCGCGGTAA	ATTAGAWACCCBDGTAGTCCGGCTGACTGACT	mix	0	IP	9	mix9	mix9_d0	6	X9.d0
X10.d0	GCTCGAAGATTC	TATGGTAATTGTGTGCCAGCMGCCGCGGTAA	ATTAGAWACCCBDGTAGTCCGGCTGACTGACT	mix	0	IP	10	mix10	mix10_d0	6	X10.d0
X11.d0	TATTTGATTGGT	TATGGTAATTGTGTGCCAGCMGCCGCGGTAA	ATTAGAWACCCBDGTAGTCCGGCTGACTGACT	mix	0	IP	11	mix11	mix11_d0	6	X11.d0
X12.d0	TGTCAAAGTGAC	TATGGTAATTGTGTGCCAGCMGCCGCGGTAA	ATTAGAWACCCBDGTAGTCCGGCTGACTGACT	mix	0	IV	12	mix12	mix12_d0	6	X12.d0
X13.d0	CTATGTATTAGT	TATGGTAATTGTGTGCCAGCMGCCGCGGTAA	ATTAGAWACCCBDGTAGTCCGGCTGACTGACT	mix	0	IV	13	mix13	mix13_d0	6	X13.d0
X14.d0	ACTCCCGTGTGA	TATGGTAATTGTGTGCCAGCMGCCGCGGTAA	ATTAGAWACCCBDGTAGTCCGGCTGACTGACT	mix	0	IV	14	mix14	mix14_d0	6	X14.d0
X15.d0	CGGTATAGCAAT	TATGGTAATTGTGTGCCAGCMGCCGCGGTAA	ATTAGAWACCCBDGTAGTCCGGCTGACTGACT	mix	0	IV	15	mix15	mix15_d0	6	X15.d0
X16.d0	GACTCTGCTCAG	TATGGTAATTGTGTGCCAGCMGCCGCGGTAA	ATTAGAWACCCBDGTAGTCCGGCTGACTGACT	mix	0	IV	16	mix16	mix16_d0	6	X16.d0
X17.d0	GTCATGCTCCAG	TATGGTAATTGTGTGCCAGCMGCCGCGGTAA	ATTAGAWACCCBDGTAGTCCGGCTGACTGACT	mix	0	IV	17	mix17	mix17_d0	6	X17.d0
X18.d0	TACCGAAGGTAT	TATGGTAATTGTGTGCCAGCMGCCGCGGTAA	ATTAGAWACCCBDGTAGTCCGGCTGACTGACT	mix	0	IV	18	mix18	mix18_d0	6	X18.d0
C1.d0	TGAGTATGAGTA	TATGGTAATTGTGTGCCAGCMGCCGCGGTAA	ATTAGAWACCCBDGTAGTCCGGCTGACTGACT	PBS	0	gavage	1	PBS1	PBS1_d0	1	C1.d0
C2.d0	AATGGTTCAGCA	TATGGTAATTGTGTGCCAGCMGCCGCGGTAA	ATTAGAWACCCBDGTAGTCCGGCTGACTGACT	PBS	0	gavage	2	PBS2	PBS2_d0	1	C2.d0
C3.d0	GAACCAGTACTC	TATGGTAATTGTGTGCCAGCMGCCGCGGTAA	ATTAGAWACCCBDGTAGTCCGGCTGACTGACT	PBS	0	gavage	3	PBS3	PBS3_d0	1	C3.d0
C4.d0	CGCACCCATACA	TATGGTAATTGTGTGCCAGCMGCCGCGGTAA	ATTAGAWACCCBDGTAGTCCGGCTGACTGACT	PBS	0	gavage	4	PBS4	PBS4_d0	1	C4.d0
C5.d0	GTGCCATAATCG	TATGGTAATTGTGTGCCAGCMGCCGCGGTAA	ATTAGAWACCCBDGTAGTCCGGCTGACTGACT	PBS	0	gavage	5	PBS5	PBS5_d0	1	C5.d0
C6.d0	ACTCTTACTTAG	TATGGTAATTGTGTGCCAGCMGCCGCGGTAA	ATTAGAWACCCBDGTAGTCCGGCTGACTGACT	PBS	0	gavage	6	PBS6	PBS6_d0	1	C6.d0
C7.d0	CTACAGGGTCTC	TATGGTAATTGTGTGCCAGCMGCCGCGGTAA	ATTAGAWACCCBDGTAGTCCGGCTGACTGACT	PBS	0	IP	7	PBS7	PBS7_d0	1	C7.d0
C8.d0	CTTGGAGGCTTA	TATGGTAATTGTGTGCCAGCMGCCGCGGTAA	ATTAGAWACCCBDGTAGTCCGGCTGACTGACT	PBS	0	IP	8	PBS8	PBS8_d0	1	C8.d0
C9.d0	TATCATATTACG	TATGGTAATTGTGTGCCAGCMGCCGCGGTAA	ATTAGAWACCCBDGTAGTCCGGCTGACTGACT	PBS	0	IP	9	PBS9	PBS9_d0	1	C9.d0
C10.d0	CTATATTATCCG	TATGGTAATTGTGTGCCAGCMGCCGCGGTAA	ATTAGAWACCCBDGTAGTCCGGCTGACTGACT	PBS	0	IP	10	PBS10	PBS10_d0	1	C10.d0
C11.d0	ACCGAACAATCC	TATGGTAATTGTGTGCCAGCMGCCGCGGTAA	ATTAGAWACCCBDGTAGTCCGGCTGACTGACT	PBS	0	IP	11	PBS11	PBS11_d0	1	C11.d0
C12.d0	ACGGTACCCTAC	TATGGTAATTGTGTGCCAGCMGCCGCGGTAA	ATTAGAWACCCBDGTAGTCCGGCTGACTGACT	PBS	0	IV	12	PBS12	PBS12_d0	1	C12.d0
C13.d0	TGAGTCATTGAG	TATGGTAATTGTGTGCCAGCMGCCGCGGTAA	ATTAGAWACCCBDGTAGTCCGGCTGACTGACT	PBS	0	IV	13	PBS13	PBS13_d0	1	C13.d0
C14.d0	ACCTACTTGTCT	TATGGTAATTGTGTGCCAGCMGCCGCGGTAA	ATTAGAWACCCBDGTAGTCCGGCTGACTGACT	PBS	0	IV	14	PBS14	PBS14_d0	1	C14.d0
C15.d0	ACTGTGACGTCC	TATGGTAATTGTGTGCCAGCMGCCGCGGTAA	ATTAGAWACCCBDGTAGTCCGGCTGACTGACT	PBS	0	IV	15	PBS15	PBS15_d0	1	C15.d0
C16.d0	CTCTGAGGTAAC	TATGGTAATTGTGTGCCAGCMGCCGCGGTAA	ATTAGAWACCCBDGTAGTCCGGCTGACTGACT	PBS	0	IV	16	PBS16	PBS16_d0	1	C16.d0
C17.d0	CATGTCTTCCAT	TATGGTAATTGTGTGCCAGCMGCCGCGGTAA	ATTAGAWACCCBDGTAGTCCGGCTGACTGACT	PBS	0	IV	17	PBS17	PBS17_d0	1	C17.d0
C18.d0	AACAGTAAACAA	TATGGTAATTGTGTGCCAGCMGCCGCGGTAA	ATTAGAWACCCBDGTAGTCCGGCTGACTGACT	PBS	0	IV	18	PBS18	PBS18_d0	1	C18.d0
A1.d1	GTTCATTAAACT	TATGGTAATTGTGTGCCAGCMGCCGCGGTAA	ATTAGAWACCCBDGTAGTCCGGCTGACTGACT	amp	1	gavage	1	amp1	amp1_d1	2	A1.d1
A8.d1	GGAGAACGACAC	TATGGTAATTGTGTGCCAGCMGCCGCGGTAA	ATTAGAWACCCBDGTAGTCCGGCTGACTGACT	amp	1	IP	8	amp8	amp8_d1	2	A8.d1
A11.d1	TAATCCATAATC	TATGGTAATTGTGTGCCAGCMGCCGCGGTAA	ATTAGAWACCCBDGTAGTCCGGCTGACTGACT	amp	1	IP	11	amp11	amp11_d1	2	A11.d1
A14.d1	AGAGGGTGATCG	TATGGTAATTGTGTGCCAGCMGCCGCGGTAA	ATTAGAWACCCBDGTAGTCCGGCTGACTGACT	amp	1	IV	14	amp14	amp14_d1	2	A14.d1
A15.d1	AGCTCTAGAAAC	TATGGTAATTGTGTGCCAGCMGCCGCGGTAA	ATTAGAWACCCBDGTAGTCCGGCTGACTGACT	amp	1	IV	15	amp15	amp15_d1	2	A15.d1
V1.d1	AGATCGTGCCTA	TATGGTAATTGTGTGCCAGCMGCCGCGGTAA	ATTAGAWACCCBDGTAGTCCGGCTGACTGACT	van	1	gavage	1	van1	van1_d1	3	V1.d1
V2.d1	AATTAATATGTA	TATGGTAATTGTGTGCCAGCMGCCGCGGTAA	ATTAGAWACCCBDGTAGTCCGGCTGACTGACT	van	1	gavage	2	van2	van2_d1	3	V2.d1
V5.d1	GCAACGAACGAG	TATGGTAATTGTGTGCCAGCMGCCGCGGTAA	ATTAGAWACCCBDGTAGTCCGGCTGACTGACT	van	1	gavage	5	van5	van5_d1	3	V5.d1
V7.d1	TCGTTATTCAGT	TATGGTAATTGTGTGCCAGCMGCCGCGGTAA	ATTAGAWACCCBDGTAGTCCGGCTGACTGACT	van	1	IP	7	van7	van7_d1	3	V7.d1
V8.d1	GGATACTCGCAT	TATGGTAATTGTGTGCCAGCMGCCGCGGTAA	ATTAGAWACCCBDGTAGTCCGGCTGACTGACT	van	1	IP	8	van8	van8_d1	3	V8.d1
V9.d1	AATGTTCAACTT	TATGGTAATTGTGTGCCAGCMGCCGCGGTAA	ATTAGAWACCCBDGTAGTCCGGCTGACTGACT	van	1	IP	9	van9	van9_d1	3	V9.d1
V10.d1	AGCAGTGCGGTG	TATGGTAATTGTGTGCCAGCMGCCGCGGTAA	ATTAGAWACCCBDGTAGTCCGGCTGACTGACT	van	1	IP	10	van10	van10_d1	3	V10.d1
V11.d1	GCATATGCACTG	TATGGTAATTGTGTGCCAGCMGCCGCGGTAA	ATTAGAWACCCBDGTAGTCCGGCTGACTGACT	van	1	IP	11	van11	van11_d1	3	V11.d1
V12.d1	CCGGCGACAGAA	TATGGTAATTGTGTGCCAGCMGCCGCGGTAA	ATTAGAWACCCBDGTAGTCCGGCTGACTGACT	van	1	IV	12	van12	van12_d1	3	V12.d1
V13.d1	CCTCACTAGCGA	TATGGTAATTGTGTGCCAGCMGCCGCGGTAA	ATTAGAWACCCBDGTAGTCCGGCTGACTGACT	van	1	IV	13	van13	van13_d1	3	V13.d1
V14.d1	CTAATCAGAGTG	TATGGTAATTGTGTGCCAGCMGCCGCGGTAA	ATTAGAWACCCBDGTAGTCCGGCTGACTGACT	van	1	IV	14	van14	van14_d1	3	V14.d1
V15.d1	CTACTCCACGAG	TATGGTAATTGTGTGCCAGCMGCCGCGGTAA	ATTAGAWACCCBDGTAGTCCGGCTGACTGACT	van	1	IV	15	van15	van15_d1	3	V15.d1
V16.d1	TAAGGCATCGCT	TATGGTAATTGTGTGCCAGCMGCCGCGGTAA	ATTAGAWACCCBDGTAGTCCGGCTGACTGACT	van	1	IV	16	van16	van16_d1	3	V16.d1
V18.d1	TAGCAGTTGCGT	TATGGTAATTGTGTGCCAGCMGCCGCGGTAA	ATTAGAWACCCBDGTAGTCCGGCTGACTGACT	van	1	IV	18	van18	van18_d1	3	V18.d1
M1.d1	ACTCTGTAATTA	TATGGTAATTGTGTGCCAGCMGCCGCGGTAA	ATTAGAWACCCBDGTAGTCCGGCTGACTGACT	met	1	gavage	1	met1	met1_d1	5	M1.d1
M2.d1	TCATGGCCTCCG	TATGGTAATTGTGTGCCAGCMGCCGCGGTAA	ATTAGAWACCCBDGTAGTCCGGCTGACTGACT	met	1	gavage	2	met2	met2_d1	5	M2.d1
M3.d1	CAATCATAGGTG	TATGGTAATTGTGTGCCAGCMGCCGCGGTAA	ATTAGAWACCCBDGTAGTCCGGCTGACTGACT	met	1	gavage	3	met3	met3_d1	5	M3.d1
M4.d1	GTTGGACGAAGG	TATGGTAATTGTGTGCCAGCMGCCGCGGTAA	ATTAGAWACCCBDGTAGTCCGGCTGACTGACT	met	1	gavage	4	met4	met4_d1	5	M4.d1
M5.d1	GTCACTCCGAAC	TATGGTAATTGTGTGCCAGCMGCCGCGGTAA	ATTAGAWACCCBDGTAGTCCGGCTGACTGACT	met	1	gavage	5	met5	met5_d1	5	M5.d1
M6.d1	CGTTCTGGTGGT	TATGGTAATTGTGTGCCAGCMGCCGCGGTAA	ATTAGAWACCCBDGTAGTCCGGCTGACTGACT	met	1	gavage	6	met6	met6_d1	5	M6.d1
M7.d1	TAGTTCGGTGAC	TATGGTAATTGTGTGCCAGCMGCCGCGGTAA	ATTAGAWACCCBDGTAGTCCGGCTGACTGACT	met	1	IP	7	met7	met7_d1	5	M7.d1
M8.d1	TTAATGGATCGG	TATGGTAATTGTGTGCCAGCMGCCGCGGTAA	ATTAGAWACCCBDGTAGTCCGGCTGACTGACT	met	1	IP	8	met8	met8_d1	5	M8.d1
M9.d1	TCAAGTCCGCAC	TATGGTAATTGTGTGCCAGCMGCCGCGGTAA	ATTAGAWACCCBDGTAGTCCGGCTGACTGACT	met	1	IP	9	met9	met9_d1	5	M9.d1
M10.d1	CACACAAAGTCA	TATGGTAATTGTGTGCCAGCMGCCGCGGTAA	ATTAGAWACCCBDGTAGTCCGGCTGACTGACT	met	1	IP	10	met10	met10_d1	5	M10.d1
M12.d1	TTGAACAAGCCA	TATGGTAATTGTGTGCCAGCMGCCGCGGTAA	ATTAGAWACCCBDGTAGTCCGGCTGACTGACT	met	1	IV	12	met12	met12_d1	5	M12.d1
M13.d1	ATATGTTCTCAA	TATGGTAATTGTGTGCCAGCMGCCGCGGTAA	ATTAGAWACCCBDGTAGTCCGGCTGACTGACT	met	1	IV	13	met13	met13_d1	5	M13.d1
M14.d1	ATGTGCTGCTCG	TATGGTAATTGTGTGCCAGCMGCCGCGGTAA	ATTAGAWACCCBDGTAGTCCGGCTGACTGACT	met	1	IV	14	met14	met14_d1	5	M14.d1
M15.d1	CCGATAAAGGTT	TATGGTAATTGTGTGCCAGCMGCCGCGGTAA	ATTAGAWACCCBDGTAGTCCGGCTGACTGACT	met	1	IV	15	met15	met15_d1	5	M15.d1
M16.d1	CAGGAACCAGGA	TATGGTAATTGTGTGCCAGCMGCCGCGGTAA	ATTAGAWACCCBDGTAGTCCGGCTGACTGACT	met	1	IV	16	met16	met16_d1	5	M16.d1
M17.d1	GCATAAACGACT	TATGGTAATTGTGTGCCAGCMGCCGCGGTAA	ATTAGAWACCCBDGTAGTCCGGCTGACTGACT	met	1	IV	17	met17	met17_d1	5	M17.d1
N1.d1	ACTAAAGCAAAC	TATGGTAATTGTGTGCCAGCMGCCGCGGTAA	ATTAGAWACCCBDGTAGTCCGGCTGACTGACT	neo	1	gavage	1	neo1	neo1_d1	4	N1.d1
N2.d1	TAGGAACTCACC	TATGGTAATTGTGTGCCAGCMGCCGCGGTAA	ATTAGAWACCCBDGTAGTCCGGCTGACTGACT	neo	1	gavage	2	neo2	neo2_d1	4	N2.d1
N3.d1	GTCCGTCCTGGT	TATGGTAATTGTGTGCCAGCMGCCGCGGTAA	ATTAGAWACCCBDGTAGTCCGGCTGACTGACT	neo	1	gavage	3	neo3	neo3_d1	4	N3.d1
N4.d1	CGAGGCGAGTCA	TATGGTAATTGTGTGCCAGCMGCCGCGGTAA	ATTAGAWACCCBDGTAGTCCGGCTGACTGACT	neo	1	gavage	4	neo4	neo4_d1	4	N4.d1
N5.d1	TTCCAATACTCA	TATGGTAATTGTGTGCCAGCMGCCGCGGTAA	ATTAGAWACCCBDGTAGTCCGGCTGACTGACT	neo	1	gavage	5	neo5	neo5_d1	4	N5.d1
N6.d1	AACTCAATAGCG	TATGGTAATTGTGTGCCAGCMGCCGCGGTAA	ATTAGAWACCCBDGTAGTCCGGCTGACTGACT	neo	1	gavage	6	neo6	neo6_d1	4	N6.d1
N7.d1	TCAGACCAACTG	TATGGTAATTGTGTGCCAGCMGCCGCGGTAA	ATTAGAWACCCBDGTAGTCCGGCTGACTGACT	neo	1	IP	7	neo7	neo7_d1	4	N7.d1
N8.d1	CCACGAGCAGGC	TATGGTAATTGTGTGCCAGCMGCCGCGGTAA	ATTAGAWACCCBDGTAGTCCGGCTGACTGACT	neo	1	IP	8	neo8	neo8_d1	4	N8.d1
N9.d1	GCGTGCCCGGCC	TATGGTAATTGTGTGCCAGCMGCCGCGGTAA	ATTAGAWACCCBDGTAGTCCGGCTGACTGACT	neo	1	IP	9	neo9	neo9_d1	4	N9.d1
N10.d1	CAAAGGAGCCCG	TATGGTAATTGTGTGCCAGCMGCCGCGGTAA	ATTAGAWACCCBDGTAGTCCGGCTGACTGACT	neo	1	IP	10	neo10	neo10_d1	4	N10.d1
N11.d1	TGCGGCGTCAGG	TATGGTAATTGTGTGCCAGCMGCCGCGGTAA	ATTAGAWACCCBDGTAGTCCGGCTGACTGACT	neo	1	IP	11	neo11	neo11_d1	4	N11.d1
N12.d1	CGCTGTGGATTA	TATGGTAATTGTGTGCCAGCMGCCGCGGTAA	ATTAGAWACCCBDGTAGTCCGGCTGACTGACT	neo	1	IV	12	neo12	neo12_d1	4	N12.d1
N13.d1	CTTGCTCATAAT	TATGGTAATTGTGTGCCAGCMGCCGCGGTAA	ATTAGAWACCCBDGTAGTCCGGCTGACTGACT	neo	1	IV	13	neo13	neo13_d1	4	N13.d1
N15.d1	CTAGCGTGCGTT	TATGGTAATTGTGTGCCAGCMGCCGCGGTAA	ATTAGAWACCCBDGTAGTCCGGCTGACTGACT	neo	1	IV	15	neo15	neo15_d1	4	N15.d1
N16.d1	TAGTCTAAGGGT	TATGGTAATTGTGTGCCAGCMGCCGCGGTAA	ATTAGAWACCCBDGTAGTCCGGCTGACTGACT	neo	1	IV	16	neo16	neo16_d1	4	N16.d1
N17.d1	GTTTGAAACACG	TATGGTAATTGTGTGCCAGCMGCCGCGGTAA	ATTAGAWACCCBDGTAGTCCGGCTGACTGACT	neo	1	IV	17	neo17	neo17_d1	4	N17.d1
N18.d1	ACCTCAGTCAAG	TATGGTAATTGTGTGCCAGCMGCCGCGGTAA	ATTAGAWACCCBDGTAGTCCGGCTGACTGACT	neo	1	IV	18	neo18	neo18_d1	4	N18.d1
X10.d1	ATGACTAAGATG	TATGGTAATTGTGTGCCAGCMGCCGCGGTAA	ATTAGAWACCCBDGTAGTCCGGCTGACTGACT	mix	1	IP	10	mix10	mix10_d1	6	X10.d1
X12.d1	TGACAGAATCCA	TATGGTAATTGTGTGCCAGCMGCCGCGGTAA	ATTAGAWACCCBDGTAGTCCGGCTGACTGACT	mix	1	IV	12	mix12	mix12_d1	6	X12.d1
X13.d1	TAGGACGGGAGT	TATGGTAATTGTGTGCCAGCMGCCGCGGTAA	ATTAGAWACCCBDGTAGTCCGGCTGACTGACT	mix	1	IV	13	mix13	mix13_d1	6	X13.d1
X14.d1	AAGTCTTATCTC	TATGGTAATTGTGTGCCAGCMGCCGCGGTAA	ATTAGAWACCCBDGTAGTCCGGCTGACTGACT	mix	1	IV	14	mix14	mix14_d1	6	X14.d1
X15.d1	TTGCACCGTCGA	TATGGTAATTGTGTGCCAGCMGCCGCGGTAA	ATTAGAWACCCBDGTAGTCCGGCTGACTGACT	mix	1	IV	15	mix15	mix15_d1	6	X15.d1
X16.d1	CTCCGAACAACA	TATGGTAATTGTGTGCCAGCMGCCGCGGTAA	ATTAGAWACCCBDGTAGTCCGGCTGACTGACT	mix	1	IV	16	mix16	mix16_d1	6	X16.d1
X17.d1	TCTGGCTACGAC	TATGGTAATTGTGTGCCAGCMGCCGCGGTAA	ATTAGAWACCCBDGTAGTCCGGCTGACTGACT	mix	1	IV	17	mix17	mix17_d1	6	X17.d1
X18.d1	AGTAGTTTCCTT	TATGGTAATTGTGTGCCAGCMGCCGCGGTAA	ATTAGAWACCCBDGTAGTCCGGCTGACTGACT	mix	1	IV	18	mix18	mix18_d1	6	X18.d1
C1.d1	CAGATCCCAACC	TATGGTAATTGTGTGCCAGCMGCCGCGGTAA	ATTAGAWACCCBDGTAGTCCGGCTGACTGACT	PBS	1	gavage	1	PBS1	PBS1_d1	1	C1.d1
C2.d1	GATAGCACTCGT	TATGGTAATTGTGTGCCAGCMGCCGCGGTAA	ATTAGAWACCCBDGTAGTCCGGCTGACTGACT	PBS	1	gavage	2	PBS2	PBS2_d1	1	C2.d1
C3.d1	GTAATTGTAATT	TATGGTAATTGTGTGCCAGCMGCCGCGGTAA	ATTAGAWACCCBDGTAGTCCGGCTGACTGACT	PBS	1	gavage	3	PBS3	PBS3_d1	1	C3.d1
C4.d1	TGCTACAGACGT	TATGGTAATTGTGTGCCAGCMGCCGCGGTAA	ATTAGAWACCCBDGTAGTCCGGCTGACTGACT	PBS	1	gavage	4	PBS4	PBS4_d1	1	C4.d1
C5.d1	AGGTGAGTTCTA	TATGGTAATTGTGTGCCAGCMGCCGCGGTAA	ATTAGAWACCCBDGTAGTCCGGCTGACTGACT	PBS	1	gavage	5	PBS5	PBS5_d1	1	C5.d1
C6.d1	AACGATCATAGA	TATGGTAATTGTGTGCCAGCMGCCGCGGTAA	ATTAGAWACCCBDGTAGTCCGGCTGACTGACT	PBS	1	gavage	6	PBS6	PBS6_d1	1	C6.d1
C7.d1	GTTTGGCCACAC	TATGGTAATTGTGTGCCAGCMGCCGCGGTAA	ATTAGAWACCCBDGTAGTCCGGCTGACTGACT	PBS	1	IP	7	PBS7	PBS7_d1	1	C7.d1
C8.d1	GTCCTACACAGC	TATGGTAATTGTGTGCCAGCMGCCGCGGTAA	ATTAGAWACCCBDGTAGTCCGGCTGACTGACT	PBS	1	IP	8	PBS8	PBS8_d1	1	C8.d1
C9.d1	ATTTACAATTGA	TATGGTAATTGTGTGCCAGCMGCCGCGGTAA	ATTAGAWACCCBDGTAGTCCGGCTGACTGACT	PBS	1	IP	9	PBS9	PBS9_d1	1	C9.d1
C10.d1	CCACTGCCCACC	TATGGTAATTGTGTGCCAGCMGCCGCGGTAA	ATTAGAWACCCBDGTAGTCCGGCTGACTGACT	PBS	1	IP	10	PBS10	PBS10_d1	1	C10.d1
C11.d1	ATAGTTAGGGCT	TATGGTAATTGTGTGCCAGCMGCCGCGGTAA	ATTAGAWACCCBDGTAGTCCGGCTGACTGACT	PBS	1	IP	11	PBS11	PBS11_d1	1	C11.d1
C12.d1	GACCCGTTTCGC	TATGGTAATTGTGTGCCAGCMGCCGCGGTAA	ATTAGAWACCCBDGTAGTCCGGCTGACTGACT	PBS	1	IV	12	PBS12	PBS12_d1	1	C12.d1
C13.d1	TGACTGCGTTAG	TATGGTAATTGTGTGCCAGCMGCCGCGGTAA	ATTAGAWACCCBDGTAGTCCGGCTGACTGACT	PBS	1	IV	13	PBS13	PBS13_d1	1	C13.d1
C14.d1	ACGTTAATATTC	TATGGTAATTGTGTGCCAGCMGCCGCGGTAA	ATTAGAWACCCBDGTAGTCCGGCTGACTGACT	PBS	1	IV	14	PBS14	PBS14_d1	1	C14.d1
C15.d1	TCTAACGAGTGC	TATGGTAATTGTGTGCCAGCMGCCGCGGTAA	ATTAGAWACCCBDGTAGTCCGGCTGACTGACT	PBS	1	IV	15	PBS15	PBS15_d1	1	C15.d1
C16.d1	GATCCCACGTAC	TATGGTAATTGTGTGCCAGCMGCCGCGGTAA	ATTAGAWACCCBDGTAGTCCGGCTGACTGACT	PBS	1	IV	16	PBS16	PBS16_d1	1	C16.d1
C17.d1	CCGCCAGCTTTG	TATGGTAATTGTGTGCCAGCMGCCGCGGTAA	ATTAGAWACCCBDGTAGTCCGGCTGACTGACT	PBS	1	IV	17	PBS17	PBS17_d1	1	C17.d1
C18.d1	TCATCTTGATTG	TATGGTAATTGTGTGCCAGCMGCCGCGGTAA	ATTAGAWACCCBDGTAGTCCGGCTGACTGACT	PBS	1	IV	18	PBS18	PBS18_d1	1	C18.d1
S1.d1	TATATAGTATCC	TATGGTAATTGTGTGCCAGCMGCCGCGGTAA	ATTAGAWACCCBDGTAGTCCGGCTGACTGACT	strep	1	gavage	1	strep1	strep1_d1	strep	S1.d1
S2.d1	ACTGTTTACTGT	TATGGTAATTGTGTGCCAGCMGCCGCGGTAA	ATTAGAWACCCBDGTAGTCCGGCTGACTGACT	strep	1	gavage	2	strep2	strep2_d1	strep	S2.d1
S3.d1	GTCACGGACATT	TATGGTAATTGTGTGCCAGCMGCCGCGGTAA	ATTAGAWACCCBDGTAGTCCGGCTGACTGACT	strep	1	gavage	3	strep3	strep3_d1	strep	S3.d1
S4.d1	GAATATACCTGG	TATGGTAATTGTGTGCCAGCMGCCGCGGTAA	ATTAGAWACCCBDGTAGTCCGGCTGACTGACT	strep	1	gavage	4	strep4	strep4_d1	strep	S4.d1
S5.d1	GAATCTGACAAC	TATGGTAATTGTGTGCCAGCMGCCGCGGTAA	ATTAGAWACCCBDGTAGTCCGGCTGACTGACT	strep	1	gavage	5	strep5	strep5_d1	strep	S5.d1
S6.d1	ATTGCCTTGATT	TATGGTAATTGTGTGCCAGCMGCCGCGGTAA	ATTAGAWACCCBDGTAGTCCGGCTGACTGACT	strep	1	gavage	6	strep6	strep6_d1	strep	S6.d1
S9.d1	GAGCCCAAAGAG	TATGGTAATTGTGTGCCAGCMGCCGCGGTAA	ATTAGAWACCCBDGTAGTCCGGCTGACTGACT	strep	1	IP	9	strep9	strep9_d1	strep	S9.d1
S10.d1	CCATGTGGCTCC	TATGGTAATTGTGTGCCAGCMGCCGCGGTAA	ATTAGAWACCCBDGTAGTCCGGCTGACTGACT	strep	1	IP	10	strep10	strep10_d1	strep	S10.d1
S12.d1	CGTTCCTTGTTA	TATGGTAATTGTGTGCCAGCMGCCGCGGTAA	ATTAGAWACCCBDGTAGTCCGGCTGACTGACT	strep	1	IV	12	strep12	strep12_d1	strep	S12.d1
S1.d1.4h	CGCTAGGATGTT	TATGGTAATTGTGTGCCAGCMGCCGCGGTAA	ATTAGAWACCCBDGTAGTCCGGCTGACTGACT	strep	1	gavage	1	strep1_4h	strep1_4h_d1	strep	S1.d1.4h
S2.d1.4h	AGCGGTAGCGGT	TATGGTAATTGTGTGCCAGCMGCCGCGGTAA	ATTAGAWACCCBDGTAGTCCGGCTGACTGACT	strep	1	gavage	2	strep2_4h	strep2_4h_d1	strep	S2.d1.4h
S3.d1.4h	GTCAGTATGGCT	TATGGTAATTGTGTGCCAGCMGCCGCGGTAA	ATTAGAWACCCBDGTAGTCCGGCTGACTGACT	strep	1	gavage	3	strep3_4h	strep3_4h_d1	strep	S3.d1.4h
S4.d1.4h	CATAAGGGAGGC	TATGGTAATTGTGTGCCAGCMGCCGCGGTAA	ATTAGAWACCCBDGTAGTCCGGCTGACTGACT	strep	1	gavage	4	strep4_4h	strep4_4h_d1	strep	S4.d1.4h
S5.d1.4h	CAGGCCACTCTC	TATGGTAATTGTGTGCCAGCMGCCGCGGTAA	ATTAGAWACCCBDGTAGTCCGGCTGACTGACT	strep	1	gavage	5	strep5_4h	strep5_4h_d1	strep	S5.d1.4h
S6.d1.4h	ACAGTTGTACGC	TATGGTAATTGTGTGCCAGCMGCCGCGGTAA	ATTAGAWACCCBDGTAGTCCGGCTGACTGACT	strep	1	gavage	6	strep6_4h	strep6_4h_d1	strep	S6.d1.4h
S9.d1.4h	ACCAGAAATGTC	TATGGTAATTGTGTGCCAGCMGCCGCGGTAA	ATTAGAWACCCBDGTAGTCCGGCTGACTGACT	strep	1	IP	9	strep9_4h	strep9_4h_d1	strep	S9.d1.4h
S10.d1.4h	CTCATCATGTTC	TATGGTAATTGTGTGCCAGCMGCCGCGGTAA	ATTAGAWACCCBDGTAGTCCGGCTGACTGACT	strep	1	IP	10	strep10_4h	strep10_4h_d1	strep	S10.d1.4h
S12.d1.4h	TTAGGATTCTAT	TATGGTAATTGTGTGCCAGCMGCCGCGGTAA	ATTAGAWACCCBDGTAGTCCGGCTGACTGACT	strep	1	IV	12	strep12_4h	strep12_4h_d1	strep	S12.d1.4h
A1.d4	CAACGAACCATC	TATGGTAATTGTGTGCCAGCMGCCGCGGTAA	ATTAGAWACCCBDGTAGTCCGGCTGACTGACT	amp	4	gavage	1	amp1	amp1_d4	2	A1.d4
A2.d4	ACACGTTTGGGT	TATGGTAATTGTGTGCCAGCMGCCGCGGTAA	ATTAGAWACCCBDGTAGTCCGGCTGACTGACT	amp	4	gavage	2	amp2	amp2_d4	2	A2.d4
A3.d4	CGTCGCAGCCTT	TATGGTAATTGTGTGCCAGCMGCCGCGGTAA	ATTAGAWACCCBDGTAGTCCGGCTGACTGACT	amp	4	gavage	3	amp3	amp3_d4	2	A3.d4
A5.d4	CTACTTACATCC	TATGGTAATTGTGTGCCAGCMGCCGCGGTAA	ATTAGAWACCCBDGTAGTCCGGCTGACTGACT	amp	4	gavage	5	amp5	amp5_d4	2	A5.d4
A7.d4	GTCCTCGCGACT	TATGGTAATTGTGTGCCAGCMGCCGCGGTAA	ATTAGAWACCCBDGTAGTCCGGCTGACTGACT	amp	4	IP	7	amp7	amp7_d4	2	A7.d4
A8.d4	GTGCAACCAATC	TATGGTAATTGTGTGCCAGCMGCCGCGGTAA	ATTAGAWACCCBDGTAGTCCGGCTGACTGACT	amp	4	IP	8	amp8	amp8_d4	2	A8.d4
A13.d4	GTTTATCTTAAG	TATGGTAATTGTGTGCCAGCMGCCGCGGTAA	ATTAGAWACCCBDGTAGTCCGGCTGACTGACT	amp	4	IV	13	amp13	amp13_d4	2	A13.d4
A14.d4	GTTCGCCGCATC	TATGGTAATTGTGTGCCAGCMGCCGCGGTAA	ATTAGAWACCCBDGTAGTCCGGCTGACTGACT	amp	4	IV	14	amp14	amp14_d4	2	A14.d4
A15.d4	AGACTATTTCAT	TATGGTAATTGTGTGCCAGCMGCCGCGGTAA	ATTAGAWACCCBDGTAGTCCGGCTGACTGACT	amp	4	IV	15	amp15	amp15_d4	2	A15.d4
A16.d4	AGCGATTCCTCG	TATGGTAATTGTGTGCCAGCMGCCGCGGTAA	ATTAGAWACCCBDGTAGTCCGGCTGACTGACT	amp	4	IV	16	amp16	amp16_d4	2	A16.d4
A18.d4	AGGAAGTAACTT	TATGGTAATTGTGTGCCAGCMGCCGCGGTAA	ATTAGAWACCCBDGTAGTCCGGCTGACTGACT	amp	4	IV	18	amp18	amp18_d4	2	A18.d4
V1.d4	CGTTCGCTAGCC	TATGGTAATTGTGTGCCAGCMGCCGCGGTAA	ATTAGAWACCCBDGTAGTCCGGCTGACTGACT	van	4	gavage	1	van1	van1_d4	3	V1.d4
V2.d4	CTCACCTAGGAA	TATGGTAATTGTGTGCCAGCMGCCGCGGTAA	ATTAGAWACCCBDGTAGTCCGGCTGACTGACT	van	4	gavage	2	van2	van2_d4	3	V2.d4
V3.d4	AGATGCAATGAT	TATGGTAATTGTGTGCCAGCMGCCGCGGTAA	ATTAGAWACCCBDGTAGTCCGGCTGACTGACT	van	4	gavage	3	van3	van3_d4	3	V3.d4
V4.d4	GCATTCGGCGTT	TATGGTAATTGTGTGCCAGCMGCCGCGGTAA	ATTAGAWACCCBDGTAGTCCGGCTGACTGACT	van	4	gavage	4	van4	van4_d4	3	V4.d4
V5.d4	TCTACATACATA	TATGGTAATTGTGTGCCAGCMGCCGCGGTAA	ATTAGAWACCCBDGTAGTCCGGCTGACTGACT	van	4	gavage	5	van5	van5_d4	3	V5.d4
V6.d4	GAGTCTTGGTAA	TATGGTAATTGTGTGCCAGCMGCCGCGGTAA	ATTAGAWACCCBDGTAGTCCGGCTGACTGACT	van	4	gavage	6	van6	van6_d4	3	V6.d4
V7.d4	CAGTCTAGTACG	TATGGTAATTGTGTGCCAGCMGCCGCGGTAA	ATTAGAWACCCBDGTAGTCCGGCTGACTGACT	van	4	IP	7	van7	van7_d4	3	V7.d4
V8.d4	GTTCGAGTGAAT	TATGGTAATTGTGTGCCAGCMGCCGCGGTAA	ATTAGAWACCCBDGTAGTCCGGCTGACTGACT	van	4	IP	8	van8	van8_d4	3	V8.d4
V9.d4	AGTCCGAGTTGT	TATGGTAATTGTGTGCCAGCMGCCGCGGTAA	ATTAGAWACCCBDGTAGTCCGGCTGACTGACT	van	4	IP	9	van9	van9_d4	3	V9.d4
V10.d4	CGTGAGGACCAG	TATGGTAATTGTGTGCCAGCMGCCGCGGTAA	ATTAGAWACCCBDGTAGTCCGGCTGACTGACT	van	4	IP	10	van10	van10_d4	3	V10.d4
V11.d4	CGGTTGGCGGGT	TATGGTAATTGTGTGCCAGCMGCCGCGGTAA	ATTAGAWACCCBDGTAGTCCGGCTGACTGACT	van	4	IP	11	van11	van11_d4	3	V11.d4
V12.d4	CGATTCCTTAAT	TATGGTAATTGTGTGCCAGCMGCCGCGGTAA	ATTAGAWACCCBDGTAGTCCGGCTGACTGACT	van	4	IV	12	van12	van12_d4	3	V12.d4
V13.d4	TGCCTGCTCGAC	TATGGTAATTGTGTGCCAGCMGCCGCGGTAA	ATTAGAWACCCBDGTAGTCCGGCTGACTGACT	van	4	IV	13	van13	van13_d4	3	V13.d4
V14.d4	TACTGTACTGTT	TATGGTAATTGTGTGCCAGCMGCCGCGGTAA	ATTAGAWACCCBDGTAGTCCGGCTGACTGACT	van	4	IV	14	van14	van14_d4	3	V14.d4
V15.d4	TCTCGCACTGGA	TATGGTAATTGTGTGCCAGCMGCCGCGGTAA	ATTAGAWACCCBDGTAGTCCGGCTGACTGACT	van	4	IV	15	van15	van15_d4	3	V15.d4
V16.d4	ACCAGTGACTCA	TATGGTAATTGTGTGCCAGCMGCCGCGGTAA	ATTAGAWACCCBDGTAGTCCGGCTGACTGACT	van	4	IV	16	van16	van16_d4	3	V16.d4
V17.d4	TGGCGCACGGAC	TATGGTAATTGTGTGCCAGCMGCCGCGGTAA	ATTAGAWACCCBDGTAGTCCGGCTGACTGACT	van	4	IV	17	van17	van17_d4	3	V17.d4
V18.d4	CATTTACATCAC	TATGGTAATTGTGTGCCAGCMGCCGCGGTAA	ATTAGAWACCCBDGTAGTCCGGCTGACTGACT	van	4	IV	18	van18	van18_d4	3	V18.d4
M1.d4	GTGGGACTGCGC	TATGGTAATTGTGTGCCAGCMGCCGCGGTAA	ATTAGAWACCCBDGTAGTCCGGCTGACTGACT	met	4	gavage	1	met1	met1_d4	5	M1.d4
M2.d4	CGGCCTAAGTTC	TATGGTAATTGTGTGCCAGCMGCCGCGGTAA	ATTAGAWACCCBDGTAGTCCGGCTGACTGACT	met	4	gavage	2	met2	met2_d4	5	M2.d4
M3.d4	GCTGAGCCTTTG	TATGGTAATTGTGTGCCAGCMGCCGCGGTAA	ATTAGAWACCCBDGTAGTCCGGCTGACTGACT	met	4	gavage	3	met3	met3_d4	5	M3.d4
M4.d4	AGAGACGCGTAG	TATGGTAATTGTGTGCCAGCMGCCGCGGTAA	ATTAGAWACCCBDGTAGTCCGGCTGACTGACT	met	4	gavage	4	met4	met4_d4	5	M4.d4
M5.d4	CCACCGGGCCGA	TATGGTAATTGTGTGCCAGCMGCCGCGGTAA	ATTAGAWACCCBDGTAGTCCGGCTGACTGACT	met	4	gavage	5	met5	met5_d4	5	M5.d4
M6.d4	AATCCGGTCACC	TATGGTAATTGTGTGCCAGCMGCCGCGGTAA	ATTAGAWACCCBDGTAGTCCGGCTGACTGACT	met	4	gavage	6	met6	met6_d4	5	M6.d4
M7.d4	TCTTACCCATAA	TATGGTAATTGTGTGCCAGCMGCCGCGGTAA	ATTAGAWACCCBDGTAGTCCGGCTGACTGACT	met	4	IP	7	met7	met7_d4	5	M7.d4
M8.d4	CTAGAGCTCCCA	TATGGTAATTGTGTGCCAGCMGCCGCGGTAA	ATTAGAWACCCBDGTAGTCCGGCTGACTGACT	met	4	IP	8	met8	met8_d4	5	M8.d4
M9.d4	GGTCTTAGCACC	TATGGTAATTGTGTGCCAGCMGCCGCGGTAA	ATTAGAWACCCBDGTAGTCCGGCTGACTGACT	met	4	IP	9	met9	met9_d4	5	M9.d4
M10.d4	GCCTACTCTCGG	TATGGTAATTGTGTGCCAGCMGCCGCGGTAA	ATTAGAWACCCBDGTAGTCCGGCTGACTGACT	met	4	IP	10	met10	met10_d4	5	M10.d4
M11.d4	ACTGCCCGATAC	TATGGTAATTGTGTGCCAGCMGCCGCGGTAA	ATTAGAWACCCBDGTAGTCCGGCTGACTGACT	met	4	IP	11	met11	met11_d4	5	M11.d4
M12.d4	TTCTTAACGCCT	TATGGTAATTGTGTGCCAGCMGCCGCGGTAA	ATTAGAWACCCBDGTAGTCCGGCTGACTGACT	met	4	IV	12	met12	met12_d4	5	M12.d4
M13.d4	CTCCCGAGCTCC	TATGGTAATTGTGTGCCAGCMGCCGCGGTAA	ATTAGAWACCCBDGTAGTCCGGCTGACTGACT	met	4	IV	13	met13	met13_d4	5	M13.d4
M14.d4	TAGACTTCAGAG	TATGGTAATTGTGTGCCAGCMGCCGCGGTAA	ATTAGAWACCCBDGTAGTCCGGCTGACTGACT	met	4	IV	14	met14	met14_d4	5	M14.d4
M15.d4	ACTTAGACTCTT	TATGGTAATTGTGTGCCAGCMGCCGCGGTAA	ATTAGAWACCCBDGTAGTCCGGCTGACTGACT	met	4	IV	15	met15	met15_d4	5	M15.d4
M16.d4	GGACCTGGATGG	TATGGTAATTGTGTGCCAGCMGCCGCGGTAA	ATTAGAWACCCBDGTAGTCCGGCTGACTGACT	met	4	IV	16	met16	met16_d4	5	M16.d4
M17.d4	TATGTGCCGGCT	TATGGTAATTGTGTGCCAGCMGCCGCGGTAA	ATTAGAWACCCBDGTAGTCCGGCTGACTGACT	met	4	IV	17	met17	met17_d4	5	M17.d4
M18.d4	ATACCGTCTTTC	TATGGTAATTGTGTGCCAGCMGCCGCGGTAA	ATTAGAWACCCBDGTAGTCCGGCTGACTGACT	met	4	IV	18	met18	met18_d4	5	M18.d4
N1.d4	TGTGCTTGTAGG	TATGGTAATTGTGTGCCAGCMGCCGCGGTAA	ATTAGAWACCCBDGTAGTCCGGCTGACTGACT	neo	4	gavage	1	neo1	neo1_d4	4	N1.d4
N2.d4	GTTCGGTGTCCA	TATGGTAATTGTGTGCCAGCMGCCGCGGTAA	ATTAGAWACCCBDGTAGTCCGGCTGACTGACT	neo	4	gavage	2	neo2	neo2_d4	4	N2.d4
N4.d4	GAGAGTCCACTT	TATGGTAATTGTGTGCCAGCMGCCGCGGTAA	ATTAGAWACCCBDGTAGTCCGGCTGACTGACT	neo	4	gavage	4	neo4	neo4_d4	4	N4.d4
N6.d4	AGCTTCGACAGT	TATGGTAATTGTGTGCCAGCMGCCGCGGTAA	ATTAGAWACCCBDGTAGTCCGGCTGACTGACT	neo	4	gavage	6	neo6	neo6_d4	4	N6.d4
N7.d4	GAGAGGGATCAC	TATGGTAATTGTGTGCCAGCMGCCGCGGTAA	ATTAGAWACCCBDGTAGTCCGGCTGACTGACT	neo	4	IP	7	neo7	neo7_d4	4	N7.d4
N8.d4	TGGCCGTTACTG	TATGGTAATTGTGTGCCAGCMGCCGCGGTAA	ATTAGAWACCCBDGTAGTCCGGCTGACTGACT	neo	4	IP	8	neo8	neo8_d4	4	N8.d4
N9.d4	TTCAGCGATGGT	TATGGTAATTGTGTGCCAGCMGCCGCGGTAA	ATTAGAWACCCBDGTAGTCCGGCTGACTGACT	neo	4	IP	9	neo9	neo9_d4	4	N9.d4
N10.d4	AAGATCGTACTG	TATGGTAATTGTGTGCCAGCMGCCGCGGTAA	ATTAGAWACCCBDGTAGTCCGGCTGACTGACT	neo	4	IP	10	neo10	neo10_d4	4	N10.d4
N11.d4	ATTTGAAGAGGT	TATGGTAATTGTGTGCCAGCMGCCGCGGTAA	ATTAGAWACCCBDGTAGTCCGGCTGACTGACT	neo	4	IP	11	neo11	neo11_d4	4	N11.d4
N12.d4	GTCAATTAGTGG	TATGGTAATTGTGTGCCAGCMGCCGCGGTAA	ATTAGAWACCCBDGTAGTCCGGCTGACTGACT	neo	4	IV	12	neo12	neo12_d4	4	N12.d4
N15.d4	GGTAATAGAGTT	TATGGTAATTGTGTGCCAGCMGCCGCGGTAA	ATTAGAWACCCBDGTAGTCCGGCTGACTGACT	neo	4	IV	15	neo15	neo15_d4	4	N15.d4
N16.d4	ATTTGCTTTGCC	TATGGTAATTGTGTGCCAGCMGCCGCGGTAA	ATTAGAWACCCBDGTAGTCCGGCTGACTGACT	neo	4	IV	16	neo16	neo16_d4	4	N16.d4
N17.d4	CTTCGGAGGGAG	TATGGTAATTGTGTGCCAGCMGCCGCGGTAA	ATTAGAWACCCBDGTAGTCCGGCTGACTGACT	neo	4	IV	17	neo17	neo17_d4	4	N17.d4
N18.d4	TAAGAAACGTCA	TATGGTAATTGTGTGCCAGCMGCCGCGGTAA	ATTAGAWACCCBDGTAGTCCGGCTGACTGACT	neo	4	IV	18	neo18	neo18_d4	4	N18.d4
X1.d4	TTGCGACAAAGT	TATGGTAATTGTGTGCCAGCMGCCGCGGTAA	ATTAGAWACCCBDGTAGTCCGGCTGACTGACT	mix	4	gavage	1	mix1	mix1_d4	6	X1.d4
X6.d4	AGCCCGCAAAGG	TATGGTAATTGTGTGCCAGCMGCCGCGGTAA	ATTAGAWACCCBDGTAGTCCGGCTGACTGACT	mix	4	gavage	6	mix6	mix6_d4	6	X6.d4
X8.d4	CAGGGTAGGGTA	TATGGTAATTGTGTGCCAGCMGCCGCGGTAA	ATTAGAWACCCBDGTAGTCCGGCTGACTGACT	mix	4	IP	8	mix8	mix8_d4	6	X8.d4
X10.d4	ACCCGGATTTCG	TATGGTAATTGTGTGCCAGCMGCCGCGGTAA	ATTAGAWACCCBDGTAGTCCGGCTGACTGACT	mix	4	IP	10	mix10	mix10_d4	6	X10.d4
X12.d4	AGCAACATTGCA	TATGGTAATTGTGTGCCAGCMGCCGCGGTAA	ATTAGAWACCCBDGTAGTCCGGCTGACTGACT	mix	4	IV	12	mix12	mix12_d4	6	X12.d4
X14.d4	GTTGACCATCGC	TATGGTAATTGTGTGCCAGCMGCCGCGGTAA	ATTAGAWACCCBDGTAGTCCGGCTGACTGACT	mix	4	IV	14	mix14	mix14_d4	6	X14.d4
X15.d4	AGACACCAATGT	TATGGTAATTGTGTGCCAGCMGCCGCGGTAA	ATTAGAWACCCBDGTAGTCCGGCTGACTGACT	mix	4	IV	15	mix15	mix15_d4	6	X15.d4
X16.d4	CGCAGATTAGTA	TATGGTAATTGTGTGCCAGCMGCCGCGGTAA	ATTAGAWACCCBDGTAGTCCGGCTGACTGACT	mix	4	IV	16	mix16	mix16_d4	6	X16.d4
X17.d4	TCCTAGGTCCGA	TATGGTAATTGTGTGCCAGCMGCCGCGGTAA	ATTAGAWACCCBDGTAGTCCGGCTGACTGACT	mix	4	IV	17	mix17	mix17_d4	6	X17.d4
X18.d4	GGCCTATAAGTC	TATGGTAATTGTGTGCCAGCMGCCGCGGTAA	ATTAGAWACCCBDGTAGTCCGGCTGACTGACT	mix	4	IV	18	mix18	mix18_d4	6	X18.d4
C2.d4	CTAGTCGCTGGT	TATGGTAATTGTGTGCCAGCMGCCGCGGTAA	ATTAGAWACCCBDGTAGTCCGGCTGACTGACT	PBS	4	gavage	2	PBS2	PBS2_d4	1	C2.d4
C3.d4	AATATCGGGATC	TATGGTAATTGTGTGCCAGCMGCCGCGGTAA	ATTAGAWACCCBDGTAGTCCGGCTGACTGACT	PBS	4	gavage	3	PBS3	PBS3_d4	1	C3.d4
C4.d4	AAGCCTCTACGA	TATGGTAATTGTGTGCCAGCMGCCGCGGTAA	ATTAGAWACCCBDGTAGTCCGGCTGACTGACT	PBS	4	gavage	4	PBS4	PBS4_d4	1	C4.d4
C5.d4	GAGAATGGAAAG	TATGGTAATTGTGTGCCAGCMGCCGCGGTAA	ATTAGAWACCCBDGTAGTCCGGCTGACTGACT	PBS	4	gavage	5	PBS5	PBS5_d4	1	C5.d4
C6.d4	GCTTCATTTCTG	TATGGTAATTGTGTGCCAGCMGCCGCGGTAA	ATTAGAWACCCBDGTAGTCCGGCTGACTGACT	PBS	4	gavage	6	PBS6	PBS6_d4	1	C6.d4
C7.d4	CATTCAGTTATA	TATGGTAATTGTGTGCCAGCMGCCGCGGTAA	ATTAGAWACCCBDGTAGTCCGGCTGACTGACT	PBS	4	IP	7	PBS7	PBS7_d4	1	C7.d4
C8.d4	CCAGATATAGCA	TATGGTAATTGTGTGCCAGCMGCCGCGGTAA	ATTAGAWACCCBDGTAGTCCGGCTGACTGACT	PBS	4	IP	8	PBS8	PBS8_d4	1	C8.d4
C9.d4	TCATACAGCCAG	TATGGTAATTGTGTGCCAGCMGCCGCGGTAA	ATTAGAWACCCBDGTAGTCCGGCTGACTGACT	PBS	4	IP	9	PBS9	PBS9_d4	1	C9.d4
C10.d4	CTCATATGCTAT	TATGGTAATTGTGTGCCAGCMGCCGCGGTAA	ATTAGAWACCCBDGTAGTCCGGCTGACTGACT	PBS	4	IP	10	PBS10	PBS10_d4	1	C10.d4
C11.d4	CTCTTCTGATCA	TATGGTAATTGTGTGCCAGCMGCCGCGGTAA	ATTAGAWACCCBDGTAGTCCGGCTGACTGACT	PBS	4	IP	11	PBS11	PBS11_d4	1	C11.d4
C13.d4	ATGGATAGCTAA	TATGGTAATTGTGTGCCAGCMGCCGCGGTAA	ATTAGAWACCCBDGTAGTCCGGCTGACTGACT	PBS	4	IV	13	PBS13	PBS13_d4	1	C13.d4
C15.d4	TGGACTCAGCTA	TATGGTAATTGTGTGCCAGCMGCCGCGGTAA	ATTAGAWACCCBDGTAGTCCGGCTGACTGACT	PBS	4	IV	15	PBS15	PBS15_d4	1	C15.d4
C16.d4	GCGATGGCGATG	TATGGTAATTGTGTGCCAGCMGCCGCGGTAA	ATTAGAWACCCBDGTAGTCCGGCTGACTGACT	PBS	4	IV	16	PBS16	PBS16_d4	1	C16.d4