NAME	GS<br> follow link to MSigDB	GS DETAILS	SIZE	ES	NES	NOM p-val	FDR q-val	FWER p-val	RANK AT MAX	LEADING EDGE	
GOBP_PROTON_MOTIVE_FORCE_DRIVEN_ATP_SYNTHESIS	GOBP_PROTON_MOTIVE_FORCE_DRIVEN_ATP_SYNTHESIS	Details ...	70	-0.6582223	-3.0784478	0.0	0.0	0.0	4378	tags=69%, list=22%, signal=88%	
GOBP_TRANSLATION_AT_SYNAPSE	GOBP_TRANSLATION_AT_SYNAPSE	Details ...	48	-0.707296	-3.0454051	0.0	0.0	0.0	3588	tags=71%, list=18%, signal=86%	
GOBP_NADH_DEHYDROGENASE_COMPLEX_ASSEMBLY	GOBP_NADH_DEHYDROGENASE_COMPLEX_ASSEMBLY	Details ...	61	-0.5853246	-2.6362522	0.0	0.0	0.0	4408	tags=64%, list=22%, signal=82%	
GOBP_OXIDATIVE_PHOSPHORYLATION	GOBP_OXIDATIVE_PHOSPHORYLATION	Details ...	142	-0.5134116	-2.629754	0.0	0.0	0.0	3882	tags=53%, list=20%, signal=65%	
GOBP_ATP_SYNTHESIS_COUPLED_ELECTRON_TRANSPORT	GOBP_ATP_SYNTHESIS_COUPLED_ELECTRON_TRANSPORT	Details ...	77	-0.54803264	-2.6085517	0.0	0.0	0.0	2596	tags=47%, list=13%, signal=54%	
GOBP_AEROBIC_ELECTRON_TRANSPORT_CHAIN	GOBP_AEROBIC_ELECTRON_TRANSPORT_CHAIN	Details ...	63	-0.53488195	-2.436911	0.0	8.5901025E-5	0.001	4417	tags=62%, list=22%, signal=79%	
GOBP_ATP_BIOSYNTHETIC_PROCESS	GOBP_ATP_BIOSYNTHETIC_PROCESS	Details ...	98	-0.4887511	-2.4021866	0.0	1.4819884E-4	0.002	3868	tags=50%, list=20%, signal=62%	
GOBP_ELECTRON_TRANSPORT_CHAIN	GOBP_ELECTRON_TRANSPORT_CHAIN	Details ...	108	-0.47774827	-2.3790486	0.0	3.1690358E-4	0.005	2596	tags=42%, list=13%, signal=48%	
GOBP_MITOCHONDRIAL_RESPIRATORY_CHAIN_COMPLEX_ASSEMBLY	GOBP_MITOCHONDRIAL_RESPIRATORY_CHAIN_COMPLEX_ASSEMBLY	Details ...	100	-0.46110675	-2.3484693	0.0	4.438819E-4	0.008	4408	tags=54%, list=22%, signal=69%	
GOBP_AEROBIC_RESPIRATION	GOBP_AEROBIC_RESPIRATION	Details ...	188	-0.43540826	-2.3141422	0.0	6.4697466E-4	0.013	3910	tags=47%, list=20%, signal=58%	
GOBP_NUCLEOSIDE_TRIPHOSPHATE_BIOSYNTHETIC_PROCESS	GOBP_NUCLEOSIDE_TRIPHOSPHATE_BIOSYNTHETIC_PROCESS	Details ...	119	-0.44234076	-2.2663298	0.0	0.0012062123	0.027	3868	tags=48%, list=20%, signal=59%	
GOBP_MITOCHONDRIAL_ELECTRON_TRANSPORT_CYTOCHROME_C_TO_OXYGEN	GOBP_MITOCHONDRIAL_ELECTRON_TRANSPORT_CYTOCHROME_C_TO_OXYGEN	Details ...	18	-0.66676676	-2.239692	0.0	0.001768848	0.042	1495	tags=56%, list=8%, signal=60%	
GOBP_EPOXYGENASE_P450_PATHWAY	GOBP_EPOXYGENASE_P450_PATHWAY	Details ...	16	-0.63050056	-2.0297997	0.0069204154	0.01697788	0.376	3032	tags=50%, list=15%, signal=59%	
GOBP_CYTOPLASMIC_TRANSLATION	GOBP_CYTOPLASMIC_TRANSLATION	Details ...	149	-0.37136352	-2.0058076	0.0	0.02013934	0.459	3650	tags=42%, list=18%, signal=51%	
GOBP_SULFUR_AMINO_ACID_METABOLIC_PROCESS	GOBP_SULFUR_AMINO_ACID_METABOLIC_PROCESS	Details ...	30	-0.49932984	-1.9260325	0.00456621	0.037601527	0.688	4657	tags=53%, list=24%, signal=70%	
GOBP_MITOCHONDRIAL_ELECTRON_TRANSPORT_NADH_TO_UBIQUINONE	GOBP_MITOCHONDRIAL_ELECTRON_TRANSPORT_NADH_TO_UBIQUINONE	Details ...	29	-0.51815665	-1.9226329	0.0038314175	0.03611633	0.701	4353	tags=62%, list=22%, signal=79%	
GOBP_ORGANIC_HYDROXY_COMPOUND_CATABOLIC_PROCESS	GOBP_ORGANIC_HYDROXY_COMPOUND_CATABOLIC_PROCESS	Details ...	42	-0.4454573	-1.8313674	0.0051020407	0.072323576	0.922	2493	tags=33%, list=13%, signal=38%	
GOBP_REGULATION_OF_UBIQUITIN_PROTEIN_LIGASE_ACTIVITY	GOBP_REGULATION_OF_UBIQUITIN_PROTEIN_LIGASE_ACTIVITY	Details ...	21	-0.52148736	-1.7967718	0.0077220076	0.088616386	0.964	3081	tags=52%, list=16%, signal=62%	
GOBP_RIBOSE_PHOSPHATE_BIOSYNTHETIC_PROCESS	GOBP_RIBOSE_PHOSPHATE_BIOSYNTHETIC_PROCESS	Details ...	205	-0.31955686	-1.779993	0.0	0.095552586	0.98	3868	tags=35%, list=20%, signal=43%	
GOBP_NEURON_FATE_SPECIFICATION	GOBP_NEURON_FATE_SPECIFICATION	Details ...	33	-0.43268865	-1.7612582	0.003968254	0.10400502	0.988	2185	tags=39%, list=11%, signal=44%	
GOBP_CELLULAR_RESPIRATION	GOBP_CELLULAR_RESPIRATION		240	-0.31662932	-1.7494367	0.0	0.10844203	0.993	3910	tags=42%, list=20%, signal=52%	
GOBP_ENTEROENDOCRINE_CELL_DIFFERENTIATION	GOBP_ENTEROENDOCRINE_CELL_DIFFERENTIATION		34	-0.43835768	-1.7285223	0.010256411	0.121927716	0.998	1556	tags=24%, list=8%, signal=25%	
GOBP_POSITIVE_REGULATION_OF_METAPHASE_ANAPHASE_TRANSITION_OF_CELL_CYCLE	GOBP_POSITIVE_REGULATION_OF_METAPHASE_ANAPHASE_TRANSITION_OF_CELL_CYCLE		15	-0.5592413	-1.7171606	0.027210884	0.12644893	0.998	3288	tags=47%, list=17%, signal=56%	
GOBP_POSITIVE_REGULATION_OF_MITOTIC_SISTER_CHROMATID_SEPARATION	GOBP_POSITIVE_REGULATION_OF_MITOTIC_SISTER_CHROMATID_SEPARATION		18	-0.5162876	-1.6968544	0.014545455	0.13909651	1.0	3288	tags=39%, list=17%, signal=47%	
GOBP_TYPE_B_PANCREATIC_CELL_DIFFERENTIATION	GOBP_TYPE_B_PANCREATIC_CELL_DIFFERENTIATION		28	-0.42656922	-1.6231126	0.024489796	0.22086424	1.0	264	tags=18%, list=1%, signal=18%	
GOBP_ALCOHOL_CATABOLIC_PROCESS	GOBP_ALCOHOL_CATABOLIC_PROCESS		24	-0.4474628	-1.6194886	0.01632653	0.21732411	1.0	1670	tags=29%, list=8%, signal=32%	
GOBP_REGULATION_OF_ATTACHMENT_OF_SPINDLE_MICROTUBULES_TO_KINETOCHORE	GOBP_REGULATION_OF_ATTACHMENT_OF_SPINDLE_MICROTUBULES_TO_KINETOCHORE		20	-0.46219537	-1.615015	0.01923077	0.21590143	1.0	2744	tags=40%, list=14%, signal=46%	
GOBP_RESPIRATORY_CHAIN_COMPLEX_IV_ASSEMBLY	GOBP_RESPIRATORY_CHAIN_COMPLEX_IV_ASSEMBLY		29	-0.4129278	-1.6065037	0.013392857	0.21977116	1.0	1973	tags=31%, list=10%, signal=34%	
GOBP_URONIC_ACID_METABOLIC_PROCESS	GOBP_URONIC_ACID_METABOLIC_PROCESS		17	-0.4664089	-1.5157809	0.052447554	0.37488678	1.0	2219	tags=35%, list=11%, signal=40%	
GOBP_MITOCHONDRIAL_RNA_PROCESSING	GOBP_MITOCHONDRIAL_RNA_PROCESSING		20	-0.44123852	-1.510896	0.035019454	0.37337402	1.0	2649	tags=30%, list=13%, signal=35%	
GOBP_XENOBIOTIC_METABOLIC_PROCESS	GOBP_XENOBIOTIC_METABOLIC_PROCESS		91	-0.30944818	-1.5074126	0.0	0.3690388	1.0	3251	tags=30%, list=16%, signal=35%	
GOBP_RIBOSOMAL_SMALL_SUBUNIT_ASSEMBLY	GOBP_RIBOSOMAL_SMALL_SUBUNIT_ASSEMBLY		19	-0.44295582	-1.4885825	0.044827588	0.4009761	1.0	4467	tags=58%, list=23%, signal=75%	
GOBP_ERYTHROSE_4_PHOSPHATE_PHOSPHOENOLPYRUVATE_FAMILY_AMINO_ACID_METABOLIC_PROCESS	GOBP_ERYTHROSE_4_PHOSPHATE_PHOSPHOENOLPYRUVATE_FAMILY_AMINO_ACID_METABOLIC_PROCESS		15	-0.46158952	-1.4695737	0.048327137	0.43560302	1.0	2946	tags=40%, list=15%, signal=47%	
GOBP_NEGATIVE_REGULATION_OF_BEHAVIOR	GOBP_NEGATIVE_REGULATION_OF_BEHAVIOR		25	-0.39354417	-1.4658023	0.04608295	0.43225023	1.0	2253	tags=24%, list=11%, signal=27%	
GOBP_GLUTATHIONE_METABOLIC_PROCESS	GOBP_GLUTATHIONE_METABOLIC_PROCESS		62	-0.32748792	-1.4651309	0.016666668	0.42168036	1.0	4014	tags=39%, list=20%, signal=48%	
GOBP_PHASIC_SMOOTH_MUSCLE_CONTRACTION	GOBP_PHASIC_SMOOTH_MUSCLE_CONTRACTION		27	-0.38500476	-1.4558207	0.039130434	0.43340874	1.0	2089	tags=30%, list=11%, signal=33%	
GOBP_BILE_ACID_BIOSYNTHETIC_PROCESS	GOBP_BILE_ACID_BIOSYNTHETIC_PROCESS		29	-0.38181913	-1.4530034	0.04761905	0.42910868	1.0	2513	tags=21%, list=13%, signal=24%	
GOBP_PROTEIN_LOCALIZATION_TO_CHROMOSOME_CENTROMERIC_REGION	GOBP_PROTEIN_LOCALIZATION_TO_CHROMOSOME_CENTROMERIC_REGION		24	-0.40969118	-1.4425832	0.062992126	0.44454393	1.0	2744	tags=29%, list=14%, signal=34%	
GOBP_CYTOCHROME_COMPLEX_ASSEMBLY	GOBP_CYTOCHROME_COMPLEX_ASSEMBLY		38	-0.3597459	-1.439946	0.05140187	0.4400731	1.0	2998	tags=34%, list=15%, signal=40%	
GOBP_SLEEP	GOBP_SLEEP		31	-0.36259022	-1.4338431	0.051502146	0.44497335	1.0	2314	tags=29%, list=12%, signal=33%	
GOBP_RIBOSOMAL_SMALL_SUBUNIT_BIOGENESIS	GOBP_RIBOSOMAL_SMALL_SUBUNIT_BIOGENESIS		103	-0.2940782	-1.424817	0.032258064	0.45655072	1.0	4467	tags=41%, list=23%, signal=52%	
GOBP_GABAERGIC_NEURON_DIFFERENTIATION	GOBP_GABAERGIC_NEURON_DIFFERENTIATION		19	-0.4153826	-1.4234399	0.08712121	0.44887522	1.0	1571	tags=26%, list=8%, signal=29%	
GOBP_POSITIVE_REGULATION_OF_SIGNAL_TRANSDUCTION_BY_P53_CLASS_MEDIATOR	GOBP_POSITIVE_REGULATION_OF_SIGNAL_TRANSDUCTION_BY_P53_CLASS_MEDIATOR		33	-0.37506363	-1.410369	0.05357143	0.47322834	1.0	3081	tags=39%, list=16%, signal=47%	
GOBP_ENDOCRINE_PANCREAS_DEVELOPMENT	GOBP_ENDOCRINE_PANCREAS_DEVELOPMENT		45	-0.33953822	-1.4071323	0.045714285	0.47143853	1.0	2185	tags=24%, list=11%, signal=27%	
GOBP_ONE_CARBON_COMPOUND_TRANSPORT	GOBP_ONE_CARBON_COMPOUND_TRANSPORT		15	-0.45231307	-1.4055998	0.098305084	0.46500066	1.0	1510	tags=27%, list=8%, signal=29%	
GOBP_EPITHELIAL_CELL_FATE_COMMITMENT	GOBP_EPITHELIAL_CELL_FATE_COMMITMENT		18	-0.42109188	-1.4034624	0.06569343	0.46054423	1.0	1107	tags=28%, list=6%, signal=29%	
GOBP_RIBOSOMAL_LARGE_SUBUNIT_BIOGENESIS	GOBP_RIBOSOMAL_LARGE_SUBUNIT_BIOGENESIS		68	-0.29809344	-1.3908079	0.026490066	0.4853576	1.0	3453	tags=31%, list=17%, signal=37%	
GOBP_NON_PROTEINOGENIC_AMINO_ACID_CATABOLIC_PROCESS	GOBP_NON_PROTEINOGENIC_AMINO_ACID_CATABOLIC_PROCESS		15	-0.4397345	-1.3795716	0.092857145	0.50573385	1.0	2770	tags=40%, list=14%, signal=46%	
GOBP_TRNA_THREONYLCARBAMOYLADENOSINE_METABOLIC_PROCESS	GOBP_TRNA_THREONYLCARBAMOYLADENOSINE_METABOLIC_PROCESS		16	-0.42430124	-1.3777024	0.083333336	0.5011025	1.0	2649	tags=31%, list=13%, signal=36%	
GOBP_NOSE_DEVELOPMENT	GOBP_NOSE_DEVELOPMENT		15	-0.43711242	-1.3756713	0.08503401	0.49654412	1.0	1442	tags=27%, list=7%, signal=29%	
GOBP_STEROID_CATABOLIC_PROCESS	GOBP_STEROID_CATABOLIC_PROCESS		18	-0.41232178	-1.3620085	0.09060403	0.52667165	1.0	1060	tags=17%, list=5%, signal=18%	
GOBP_MITOTIC_SISTER_CHROMATID_SEPARATION	GOBP_MITOTIC_SISTER_CHROMATID_SEPARATION		61	-0.29731104	-1.3453377	0.06626506	0.5675727	1.0	3334	tags=28%, list=17%, signal=33%	
GOBP_NEGATIVE_REGULATION_OF_HORMONE_METABOLIC_PROCESS	GOBP_NEGATIVE_REGULATION_OF_HORMONE_METABOLIC_PROCESS		15	-0.42682928	-1.3332081	0.12142857	0.5956113	1.0	1556	tags=33%, list=8%, signal=36%	
GOBP_RESPONSE_TO_PROSTAGLANDIN	GOBP_RESPONSE_TO_PROSTAGLANDIN		27	-0.36159042	-1.333113	0.101167314	0.5849084	1.0	2125	tags=30%, list=11%, signal=33%	
GOBP_NUCLEOSIDE_PHOSPHATE_BIOSYNTHETIC_PROCESS	GOBP_NUCLEOSIDE_PHOSPHATE_BIOSYNTHETIC_PROCESS		256	-0.23473291	-1.3326752	0.0	0.5757445	1.0	4002	tags=32%, list=20%, signal=39%	
GOBP_REGULATION_OF_PROTEIN_TARGETING_TO_MITOCHONDRION	GOBP_REGULATION_OF_PROTEIN_TARGETING_TO_MITOCHONDRION		22	-0.37062302	-1.3227371	0.09543569	0.5976985	1.0	2158	tags=27%, list=11%, signal=31%	
GOBP_HYDROGEN_PEROXIDE_CATABOLIC_PROCESS	GOBP_HYDROGEN_PEROXIDE_CATABOLIC_PROCESS		20	-0.38433814	-1.3211737	0.15018316	0.5924341	1.0	4675	tags=45%, list=24%, signal=59%	
GOBP_SULFUR_AMINO_ACID_BIOSYNTHETIC_PROCESS	GOBP_SULFUR_AMINO_ACID_BIOSYNTHETIC_PROCESS		15	-0.43108085	-1.3189067	0.11151079	0.58980787	1.0	4560	tags=47%, list=23%, signal=61%	
GOBP_RESOLUTION_OF_MEIOTIC_RECOMBINATION_INTERMEDIATES	GOBP_RESOLUTION_OF_MEIOTIC_RECOMBINATION_INTERMEDIATES		16	-0.42587414	-1.3170244	0.13680781	0.5856594	1.0	3622	tags=38%, list=18%, signal=46%	
GOBP_MITOCHONDRIAL_CYTOCHROME_C_OXIDASE_ASSEMBLY	GOBP_MITOCHONDRIAL_CYTOCHROME_C_OXIDASE_ASSEMBLY		24	-0.36198315	-1.3113258	0.11336032	0.59379107	1.0	1973	tags=29%, list=10%, signal=32%	
GOBP_NEURON_FATE_COMMITMENT	GOBP_NEURON_FATE_COMMITMENT		70	-0.27499235	-1.294002	0.07042254	0.64197505	1.0	3810	tags=34%, list=19%, signal=42%	
GOBP_REGULATION_OF_BILE_ACID_METABOLIC_PROCESS	GOBP_REGULATION_OF_BILE_ACID_METABOLIC_PROCESS		17	-0.38188806	-1.2892551	0.1418919	0.6482253	1.0	2513	tags=24%, list=13%, signal=27%	
GOBP_ENERGY_DERIVATION_BY_OXIDATION_OF_ORGANIC_COMPOUNDS	GOBP_ENERGY_DERIVATION_BY_OXIDATION_OF_ORGANIC_COMPOUNDS		340	-0.21943781	-1.2877213	0.0	0.64335155	1.0	3917	tags=33%, list=20%, signal=40%	
GOBP_MITOCHONDRIAL_GENE_EXPRESSION	GOBP_MITOCHONDRIAL_GENE_EXPRESSION		167	-0.23845322	-1.2859519	0.0	0.6394581	1.0	4838	tags=38%, list=24%, signal=50%	
GOBP_LIVER_MORPHOGENESIS	GOBP_LIVER_MORPHOGENESIS		35	-0.32359523	-1.2810129	0.1442786	0.64685047	1.0	430	tags=14%, list=2%, signal=15%	
GOBP_RESPONSE_TO_FORSKOLIN	GOBP_RESPONSE_TO_FORSKOLIN		17	-0.3888615	-1.2799379	0.14122137	0.640965	1.0	1591	tags=29%, list=8%, signal=32%	
GOBP_NOREPINEPHRINE_TRANSPORT	GOBP_NOREPINEPHRINE_TRANSPORT		28	-0.3337411	-1.2760668	0.13461539	0.6449831	1.0	1204	tags=25%, list=6%, signal=27%	
GOBP_ATP_METABOLIC_PROCESS	GOBP_ATP_METABOLIC_PROCESS		227	-0.21780807	-1.2755575	0.0	0.6372877	1.0	3882	tags=30%, list=20%, signal=37%	
GOBP_RIBOSOME_BIOGENESIS	GOBP_RIBOSOME_BIOGENESIS		311	-0.21785823	-1.2641304	0.0	0.66797614	1.0	3960	tags=27%, list=20%, signal=34%	
GOBP_CELLULAR_RESPONSE_TO_PROSTAGLANDIN_STIMULUS	GOBP_CELLULAR_RESPONSE_TO_PROSTAGLANDIN_STIMULUS		18	-0.37031975	-1.2638698	0.13438736	0.6593109	1.0	2125	tags=33%, list=11%, signal=37%	
GOBP_BENZENE_CONTAINING_COMPOUND_METABOLIC_PROCESS	GOBP_BENZENE_CONTAINING_COMPOUND_METABOLIC_PROCESS		23	-0.3491163	-1.2585329	0.14671814	0.6684753	1.0	4620	tags=43%, list=23%, signal=57%	
GOBP_FEMALE_MEIOTIC_NUCLEAR_DIVISION	GOBP_FEMALE_MEIOTIC_NUCLEAR_DIVISION		42	-0.2958328	-1.2478913	0.14871795	0.69786286	1.0	2327	tags=26%, list=12%, signal=30%	
GOBP_BILE_ACID_METABOLIC_PROCESS	GOBP_BILE_ACID_METABOLIC_PROCESS		44	-0.3028161	-1.2446258	0.13333334	0.70024216	1.0	3915	tags=30%, list=20%, signal=37%	
GOBP_REGULATION_OF_MONOATOMIC_ANION_TRANSPORT	GOBP_REGULATION_OF_MONOATOMIC_ANION_TRANSPORT		19	-0.3627337	-1.2323089	0.1773585	0.7371211	1.0	3158	tags=37%, list=16%, signal=44%	
GOBP_RESPONSE_TO_COPPER_ION	GOBP_RESPONSE_TO_COPPER_ION		23	-0.34161925	-1.2275192	0.14925373	0.74529123	1.0	1275	tags=26%, list=6%, signal=28%	
GOBP_PROTON_TRANSMEMBRANE_TRANSPORT	GOBP_PROTON_TRANSMEMBRANE_TRANSPORT		97	-0.24701087	-1.2223858	0.07826087	0.7551039	1.0	2099	tags=21%, list=11%, signal=23%	
GOBP_TRNA_METHYLATION	GOBP_TRNA_METHYLATION		39	-0.29506156	-1.2192979	0.16425121	0.75736356	1.0	2159	tags=26%, list=11%, signal=29%	
GOBP_RRNA_PROCESSING	GOBP_RRNA_PROCESSING		214	-0.21885876	-1.2129309	0.05263158	0.7723932	1.0	3122	tags=23%, list=16%, signal=27%	
GOBP_TYPE_B_PANCREATIC_CELL_DEVELOPMENT	GOBP_TYPE_B_PANCREATIC_CELL_DEVELOPMENT		20	-0.35483718	-1.212258	0.20634921	0.7651256	1.0	2185	tags=25%, list=11%, signal=28%	
GOBP_MITOCHONDRIAL_RNA_METABOLIC_PROCESS	GOBP_MITOCHONDRIAL_RNA_METABOLIC_PROCESS		53	-0.27704927	-1.2119282	0.11931818	0.7567288	1.0	2781	tags=25%, list=14%, signal=28%	
GOBP_CENTROMERE_COMPLEX_ASSEMBLY	GOBP_CENTROMERE_COMPLEX_ASSEMBLY		27	-0.32607478	-1.2063193	0.2	0.7693233	1.0	2706	tags=33%, list=14%, signal=39%	
GOBP_GLYCINE_METABOLIC_PROCESS	GOBP_GLYCINE_METABOLIC_PROCESS		15	-0.38650617	-1.2058831	0.21478873	0.76157856	1.0	1560	tags=27%, list=8%, signal=29%	
GOBP_MEMBRANE_HYPERPOLARIZATION	GOBP_MEMBRANE_HYPERPOLARIZATION		19	-0.3537736	-1.1884854	0.21985815	0.8226384	1.0	4520	tags=42%, list=23%, signal=55%	
GOBP_PANCREAS_DEVELOPMENT	GOBP_PANCREAS_DEVELOPMENT		78	-0.24827856	-1.1850926	0.12751678	0.82673633	1.0	2313	tags=17%, list=12%, signal=19%	
GOBP_NEGATIVE_REGULATION_OF_RNA_SPLICING	GOBP_NEGATIVE_REGULATION_OF_RNA_SPLICING		28	-0.3160048	-1.1849667	0.2254902	0.8174696	1.0	3444	tags=39%, list=17%, signal=48%	
GOBP_OLIGOPEPTIDE_TRANSPORT	GOBP_OLIGOPEPTIDE_TRANSPORT		15	-0.37413502	-1.1839963	0.22105263	0.81188244	1.0	931	tags=27%, list=5%, signal=28%	
GOBP_SPINDLE_CHECKPOINT_SIGNALING	GOBP_SPINDLE_CHECKPOINT_SIGNALING		53	-0.27121207	-1.1815861	0.1897436	0.81249946	1.0	4133	tags=30%, list=21%, signal=38%	
GOBP_DETOXIFICATION_OF_INORGANIC_COMPOUND	GOBP_DETOXIFICATION_OF_INORGANIC_COMPOUND		15	-0.38121146	-1.1680932	0.24210526	0.8598291	1.0	4224	tags=47%, list=21%, signal=59%	
GOBP_NEURAL_NUCLEUS_DEVELOPMENT	GOBP_NEURAL_NUCLEUS_DEVELOPMENT		24	-0.32053927	-1.1651312	0.25	0.8630625	1.0	1182	tags=17%, list=6%, signal=18%	
GOBP_REGULATION_OF_ESTABLISHMENT_OF_PROTEIN_LOCALIZATION_TO_MITOCHONDRION	GOBP_REGULATION_OF_ESTABLISHMENT_OF_PROTEIN_LOCALIZATION_TO_MITOCHONDRION		27	-0.31233993	-1.1630445	0.24	0.86248726	1.0	2158	tags=26%, list=11%, signal=29%	
GOBP_CILIUM_OR_FLAGELLUM_DEPENDENT_CELL_MOTILITY	GOBP_CILIUM_OR_FLAGELLUM_DEPENDENT_CELL_MOTILITY		167	-0.211911	-1.1592289	0.09090909	0.86935186	1.0	3114	tags=24%, list=16%, signal=28%	
GOBP_CELL_FATE_DETERMINATION	GOBP_CELL_FATE_DETERMINATION		33	-0.29086143	-1.1568983	0.2246696	0.8701656	1.0	3785	tags=39%, list=19%, signal=49%	
GOBP_SPINAL_CORD_PATTERNING	GOBP_SPINAL_CORD_PATTERNING		17	-0.34945834	-1.1539423	0.2580645	0.8739917	1.0	1121	tags=24%, list=6%, signal=25%	
GOBP_UNSATURATED_FATTY_ACID_METABOLIC_PROCESS	GOBP_UNSATURATED_FATTY_ACID_METABOLIC_PROCESS		107	-0.22578606	-1.1471561	0.1632653	0.89402974	1.0	2473	tags=21%, list=13%, signal=23%	
GOBP_ICOSANOID_METABOLIC_PROCESS	GOBP_ICOSANOID_METABOLIC_PROCESS		113	-0.22611718	-1.1452696	0.17757009	0.8932383	1.0	2473	tags=19%, list=13%, signal=22%	
GOBP_AROMATIC_AMINO_ACID_METABOLIC_PROCESS	GOBP_AROMATIC_AMINO_ACID_METABOLIC_PROCESS		27	-0.30593926	-1.1446352	0.23481782	0.88669246	1.0	1564	tags=19%, list=8%, signal=20%	
GOBP_SPERM_MOTILITY	GOBP_SPERM_MOTILITY		143	-0.21317576	-1.1437956	0.14754099	0.88100255	1.0	2931	tags=23%, list=15%, signal=27%	
GOBP_GLANDULAR_EPITHELIAL_CELL_DIFFERENTIATION	GOBP_GLANDULAR_EPITHELIAL_CELL_DIFFERENTIATION		72	-0.24392875	-1.1419055	0.22058824	0.8799311	1.0	2185	tags=17%, list=11%, signal=19%	
GOBP_ENDOTHELIAL_CELL_CHEMOTAXIS	GOBP_ENDOTHELIAL_CELL_CHEMOTAXIS		30	-0.29282895	-1.137759	0.25957447	0.88869715	1.0	3598	tags=37%, list=18%, signal=45%	
GOBP_MITOCHONDRIAL_TRANSLATION	GOBP_MITOCHONDRIAL_TRANSLATION		130	-0.22380194	-1.1373552	0.14285715	0.8816069	1.0	4838	tags=38%, list=24%, signal=50%	
GOBP_TRNA_MODIFICATION	GOBP_TRNA_MODIFICATION		88	-0.23684932	-1.1341655	0.18811882	0.8865354	1.0	1745	tags=18%, list=9%, signal=20%	
GOBP_AMINO_ACID_CATABOLIC_PROCESS	GOBP_AMINO_ACID_CATABOLIC_PROCESS		88	-0.229577	-1.1305094	0.19166666	0.89413995	1.0	2946	tags=25%, list=15%, signal=29%	
GOBP_MATURATION_OF_LSU_RRNA	GOBP_MATURATION_OF_LSU_RRNA		26	-0.30654976	-1.1296334	0.26877472	0.8892377	1.0	2930	tags=31%, list=15%, signal=36%	
GOBP_RESPONSE_TO_OXYGEN_RADICAL	GOBP_RESPONSE_TO_OXYGEN_RADICAL		26	-0.29973805	-1.1276155	0.29090908	0.88950384	1.0	3746	tags=31%, list=19%, signal=38%	
GOBP_DETOXIFICATION	GOBP_DETOXIFICATION		76	-0.23540269	-1.124865	0.19333333	0.89303875	1.0	3291	tags=24%, list=17%, signal=28%	
GOBP_PROGRAMMED_CELL_DEATH_IN_RESPONSE_TO_REACTIVE_OXYGEN_SPECIES	GOBP_PROGRAMMED_CELL_DEATH_IN_RESPONSE_TO_REACTIVE_OXYGEN_SPECIES		18	-0.32822567	-1.1243912	0.28089887	0.886617	1.0	3406	tags=39%, list=17%, signal=47%	
GOBP_TRNA_5_END_PROCESSING	GOBP_TRNA_5_END_PROCESSING		15	-0.36233035	-1.1237179	0.28222996	0.88119954	1.0	2649	tags=33%, list=13%, signal=38%	
GOBP_DIGESTION	GOBP_DIGESTION		114	-0.22280408	-1.1184974	0.15625	0.89562666	1.0	2221	tags=17%, list=11%, signal=19%	
GOBP_G_PROTEIN_COUPLED_RECEPTOR_SIGNALING_PATHWAY_COUPLED_TO_CYCLIC_NUCLEOTIDE_SECOND_MESSENGER	GOBP_G_PROTEIN_COUPLED_RECEPTOR_SIGNALING_PATHWAY_COUPLED_TO_CYCLIC_NUCLEOTIDE_SECOND_MESSENGER		27	-0.30064166	-1.116361	0.29435483	0.8965652	1.0	1394	tags=19%, list=7%, signal=20%	
GOBP_REGULATION_OF_HEPATOCYTE_PROLIFERATION	GOBP_REGULATION_OF_HEPATOCYTE_PROLIFERATION		24	-0.3109591	-1.1149707	0.2607143	0.8945371	1.0	2314	tags=21%, list=12%, signal=24%	
GOBP_LIPID_DIGESTION	GOBP_LIPID_DIGESTION		18	-0.33553994	-1.1126659	0.27862597	0.8965879	1.0	1306	tags=17%, list=7%, signal=18%	
GOBP_RESPONSE_TO_SALT	GOBP_RESPONSE_TO_SALT		21	-0.32019845	-1.1126226	0.31111112	0.88877136	1.0	1263	tags=24%, list=6%, signal=25%	
GOBP_MONOCARBOXYLIC_ACID_CATABOLIC_PROCESS	GOBP_MONOCARBOXYLIC_ACID_CATABOLIC_PROCESS		131	-0.21309729	-1.1118945	0.24096386	0.88417345	1.0	2219	tags=18%, list=11%, signal=20%	
GOBP_BINDING_OF_SPERM_TO_ZONA_PELLUCIDA	GOBP_BINDING_OF_SPERM_TO_ZONA_PELLUCIDA		36	-0.2795605	-1.1106724	0.2974359	0.8812154	1.0	2477	tags=19%, list=13%, signal=22%	
GOBP_AXONEME_ASSEMBLY	GOBP_AXONEME_ASSEMBLY		90	-0.22686066	-1.110261	0.21621622	0.8750783	1.0	3418	tags=27%, list=17%, signal=32%	
GOBP_HOMOLOGOUS_CHROMOSOME_SEGREGATION	GOBP_HOMOLOGOUS_CHROMOSOME_SEGREGATION		65	-0.24049895	-1.10977	0.24431819	0.8696495	1.0	2269	tags=20%, list=11%, signal=23%	
GOBP_LEUKOTRIENE_METABOLIC_PROCESS	GOBP_LEUKOTRIENE_METABOLIC_PROCESS		21	-0.31345978	-1.1058353	0.29411766	0.8787537	1.0	2174	tags=19%, list=11%, signal=21%	
GOBP_FAT_SOLUBLE_VITAMIN_METABOLIC_PROCESS	GOBP_FAT_SOLUBLE_VITAMIN_METABOLIC_PROCESS		34	-0.2787268	-1.1056423	0.3004695	0.8721142	1.0	3538	tags=29%, list=18%, signal=36%	
GOBP_ACETYL_COA_BIOSYNTHETIC_PROCESS	GOBP_ACETYL_COA_BIOSYNTHETIC_PROCESS		19	-0.321539	-1.1048342	0.2893773	0.8680658	1.0	4534	tags=26%, list=23%, signal=34%	
GOBP_NUCLEOSIDE_TRIPHOSPHATE_METABOLIC_PROCESS	GOBP_NUCLEOSIDE_TRIPHOSPHATE_METABOLIC_PROCESS		273	-0.18877825	-1.1029809	0.13043478	0.86844695	1.0	3882	tags=29%, list=20%, signal=35%	
GOBP_PRIMARY_ALCOHOL_METABOLIC_PROCESS	GOBP_PRIMARY_ALCOHOL_METABOLIC_PROCESS		66	-0.23659936	-1.1007402	0.25786164	0.87053454	1.0	1841	tags=17%, list=9%, signal=18%	
GOBP_CELLULAR_OXIDANT_DETOXIFICATION	GOBP_CELLULAR_OXIDANT_DETOXIFICATION		32	-0.27713472	-1.1000276	0.30582523	0.866522	1.0	3746	tags=31%, list=19%, signal=38%	
GOBP_MEIOTIC_CHROMOSOME_SEGREGATION	GOBP_MEIOTIC_CHROMOSOME_SEGREGATION		93	-0.22006752	-1.0986027	0.26190478	0.8653982	1.0	2269	tags=20%, list=11%, signal=23%	
GOBP_SERINE_FAMILY_AMINO_ACID_BIOSYNTHETIC_PROCESS	GOBP_SERINE_FAMILY_AMINO_ACID_BIOSYNTHETIC_PROCESS		15	-0.3475808	-1.098598	0.3147541	0.85843873	1.0	1560	tags=27%, list=8%, signal=29%	
GOBP_NEGATIVE_REGULATION_OF_MRNA_SPLICING_VIA_SPLICEOSOME	GOBP_NEGATIVE_REGULATION_OF_MRNA_SPLICING_VIA_SPLICEOSOME		23	-0.30757016	-1.0970521	0.30364373	0.85782874	1.0	3444	tags=39%, list=17%, signal=47%	
GOBP_ORGANIC_ACID_CATABOLIC_PROCESS	GOBP_ORGANIC_ACID_CATABOLIC_PROCESS		231	-0.1996175	-1.0968966	0.20588236	0.85160774	1.0	2292	tags=17%, list=12%, signal=19%	
GOBP_SEGMENT_SPECIFICATION	GOBP_SEGMENT_SPECIFICATION		17	-0.33492467	-1.0959502	0.3605948	0.8486442	1.0	3824	tags=47%, list=19%, signal=58%	
GOBP_MAINTENANCE_OF_GASTROINTESTINAL_EPITHELIUM	GOBP_MAINTENANCE_OF_GASTROINTESTINAL_EPITHELIUM		21	-0.30969635	-1.0932882	0.32	0.8526031	1.0	2221	tags=29%, list=11%, signal=32%	
GOBP_OLIGOSACCHARIDE_BIOSYNTHETIC_PROCESS	GOBP_OLIGOSACCHARIDE_BIOSYNTHETIC_PROCESS		19	-0.32276082	-1.0928664	0.32472324	0.84767944	1.0	1701	tags=26%, list=9%, signal=29%	
GOBP_REGULATION_OF_PROSTAGLANDIN_SECRETION	GOBP_REGULATION_OF_PROSTAGLANDIN_SECRETION		16	-0.33839247	-1.0922985	0.33684212	0.8434837	1.0	600	tags=19%, list=3%, signal=19%	
GOBP_NEGATIVE_REGULATION_OF_ASTROCYTE_DIFFERENTIATION	GOBP_NEGATIVE_REGULATION_OF_ASTROCYTE_DIFFERENTIATION		20	-0.33180004	-1.090649	0.32967034	0.8437797	1.0	1803	tags=25%, list=9%, signal=27%	
GOBP_CELLULAR_RESPONSE_TO_OXYGEN_RADICAL	GOBP_CELLULAR_RESPONSE_TO_OXYGEN_RADICAL		22	-0.31190884	-1.0900373	0.31075698	0.83982176	1.0	4675	tags=41%, list=24%, signal=54%	
GOBP_CELLULAR_RESPONSE_TO_FATTY_ACID	GOBP_CELLULAR_RESPONSE_TO_FATTY_ACID		29	-0.28433216	-1.0899338	0.26200873	0.8339581	1.0	1202	tags=14%, list=6%, signal=15%	
GOBP_ACID_SECRETION	GOBP_ACID_SECRETION		52	-0.24956304	-1.079554	0.33908045	0.86965555	1.0	1204	tags=13%, list=6%, signal=14%	
GOBP_SIGNAL_TRANSDUCTION_INVOLVED_IN_REGULATION_OF_GENE_EXPRESSION	GOBP_SIGNAL_TRANSDUCTION_INVOLVED_IN_REGULATION_OF_GENE_EXPRESSION		23	-0.3079713	-1.0773805	0.36585367	0.8722729	1.0	1695	tags=22%, list=9%, signal=24%	
GOBP_QUINONE_BIOSYNTHETIC_PROCESS	GOBP_QUINONE_BIOSYNTHETIC_PROCESS		16	-0.33910447	-1.0742904	0.3619403	0.87808865	1.0	1928	tags=25%, list=10%, signal=28%	
GOBP_VITAMIN_BIOSYNTHETIC_PROCESS	GOBP_VITAMIN_BIOSYNTHETIC_PROCESS		26	-0.28763458	-1.073677	0.34817815	0.8741925	1.0	2466	tags=19%, list=12%, signal=22%	
GOBP_HOMOLOGOUS_RECOMBINATION	GOBP_HOMOLOGOUS_RECOMBINATION		60	-0.23938517	-1.0735551	0.27878788	0.86841106	1.0	1971	tags=17%, list=10%, signal=18%	
GOBP_PROTEIN_LOCALIZATION_TO_CONDENSED_CHROMOSOME	GOBP_PROTEIN_LOCALIZATION_TO_CONDENSED_CHROMOSOME		15	-0.32753104	-1.0708971	0.33904108	0.87270236	1.0	3550	tags=33%, list=18%, signal=41%	
GOBP_HOMOLOGOUS_CHROMOSOME_PAIRING_AT_MEIOSIS	GOBP_HOMOLOGOUS_CHROMOSOME_PAIRING_AT_MEIOSIS		51	-0.24549514	-1.0697823	0.31213874	0.8708097	1.0	2087	tags=20%, list=11%, signal=22%	
GOBP_RESPONSE_TO_TOXIC_SUBSTANCE	GOBP_RESPONSE_TO_TOXIC_SUBSTANCE		140	-0.2047233	-1.0673717	0.3030303	0.8743291	1.0	2769	tags=20%, list=14%, signal=23%	
GOBP_VENTRICULAR_SYSTEM_DEVELOPMENT	GOBP_VENTRICULAR_SYSTEM_DEVELOPMENT		37	-0.26007316	-1.0670459	0.345	0.8694132	1.0	712	tags=11%, list=4%, signal=11%	
GOBP_CELLULAR_MODIFIED_AMINO_ACID_CATABOLIC_PROCESS	GOBP_CELLULAR_MODIFIED_AMINO_ACID_CATABOLIC_PROCESS		27	-0.28551868	-1.0636032	0.34375	0.87734056	1.0	2636	tags=30%, list=13%, signal=34%	
GOBP_MOTILE_CILIUM_ASSEMBLY	GOBP_MOTILE_CILIUM_ASSEMBLY		71	-0.22605047	-1.0604157	0.3197279	0.88417435	1.0	3413	tags=30%, list=17%, signal=36%	
GOBP_HORMONE_BIOSYNTHETIC_PROCESS	GOBP_HORMONE_BIOSYNTHETIC_PROCESS		53	-0.24131623	-1.0577765	0.32	0.88868123	1.0	1591	tags=17%, list=8%, signal=18%	
GOBP_EPITHELIAL_STRUCTURE_MAINTENANCE	GOBP_EPITHELIAL_STRUCTURE_MAINTENANCE		30	-0.27102214	-1.0574358	0.35365853	0.88393724	1.0	2221	tags=23%, list=11%, signal=26%	
GOBP_PROTEIN_NEDDYLATION	GOBP_PROTEIN_NEDDYLATION		23	-0.30324695	-1.053938	0.39148936	0.8917952	1.0	1000	tags=17%, list=5%, signal=18%	
GOBP_ARACHIDONIC_ACID_METABOLIC_PROCESS	GOBP_ARACHIDONIC_ACID_METABOLIC_PROCESS		52	-0.23995276	-1.0534337	0.35789475	0.8877767	1.0	947	tags=12%, list=5%, signal=12%	
GOBP_REGULATION_OF_SKELETAL_MUSCLE_TISSUE_DEVELOPMENT	GOBP_REGULATION_OF_SKELETAL_MUSCLE_TISSUE_DEVELOPMENT		26	-0.28644454	-1.0512347	0.37130803	0.89056903	1.0	2698	tags=27%, list=14%, signal=31%	
GOBP_NEGATIVE_REGULATION_OF_CIRCADIAN_RHYTHM	GOBP_NEGATIVE_REGULATION_OF_CIRCADIAN_RHYTHM		15	-0.33203208	-1.0503783	0.3605948	0.8879044	1.0	1394	tags=20%, list=7%, signal=22%	
GOBP_RIBOSOME_ASSEMBLY	GOBP_RIBOSOME_ASSEMBLY		61	-0.23204842	-1.0465674	0.34507042	0.8976889	1.0	4632	tags=38%, list=23%, signal=49%	
GOBP_CHROMOSOME_SEPARATION	GOBP_CHROMOSOME_SEPARATION		80	-0.21692379	-1.0464916	0.36153847	0.8921121	1.0	4133	tags=33%, list=21%, signal=41%	
GOBP_REGULATION_OF_SIGNAL_TRANSDUCTION_BY_P53_CLASS_MEDIATOR	GOBP_REGULATION_OF_SIGNAL_TRANSDUCTION_BY_P53_CLASS_MEDIATOR		86	-0.21405366	-1.0419464	0.3821138	0.90453035	1.0	3123	tags=23%, list=16%, signal=27%	
GOBP_INTERNEURON_MIGRATION	GOBP_INTERNEURON_MIGRATION		16	-0.32786334	-1.0417988	0.38961038	0.89923054	1.0	1571	tags=25%, list=8%, signal=27%	
GOBP_SPERM_EGG_RECOGNITION	GOBP_SPERM_EGG_RECOGNITION		46	-0.24831066	-1.0391841	0.41269842	0.9039896	1.0	2797	tags=20%, list=14%, signal=23%	
GOBP_NOREPINEPHRINE_SECRETION	GOBP_NOREPINEPHRINE_SECRETION		19	-0.30093694	-1.0357362	0.37453184	0.9120474	1.0	1204	tags=21%, list=6%, signal=22%	
GOBP_CILIUM_MOVEMENT	GOBP_CILIUM_MOVEMENT		203	-0.18824089	-1.0351838	0.30232558	0.9084252	1.0	3418	tags=24%, list=17%, signal=29%	
GOBP_BICARBONATE_TRANSPORT	GOBP_BICARBONATE_TRANSPORT		17	-0.31479686	-1.0317469	0.41016948	0.9164337	1.0	4331	tags=41%, list=22%, signal=53%	
GOBP_LONG_CHAIN_FATTY_ACID_METABOLIC_PROCESS	GOBP_LONG_CHAIN_FATTY_ACID_METABOLIC_PROCESS		96	-0.20628536	-1.0314339	0.34188035	0.91178703	1.0	3186	tags=20%, list=16%, signal=23%	
GOBP_NITRIC_OXIDE_MEDIATED_SIGNAL_TRANSDUCTION	GOBP_NITRIC_OXIDE_MEDIATED_SIGNAL_TRANSDUCTION		25	-0.2755997	-1.0297184	0.39430895	0.9130473	1.0	794	tags=16%, list=4%, signal=17%	
GOBP_POSITIVE_REGULATION_OF_MITOTIC_NUCLEAR_DIVISION	GOBP_POSITIVE_REGULATION_OF_MITOTIC_NUCLEAR_DIVISION		42	-0.25409654	-1.0294113	0.39893618	0.9086461	1.0	4086	tags=36%, list=21%, signal=45%	
GOBP_VENTRAL_SPINAL_CORD_DEVELOPMENT	GOBP_VENTRAL_SPINAL_CORD_DEVELOPMENT		38	-0.24809633	-1.0273186	0.39805827	0.9110688	1.0	2096	tags=24%, list=11%, signal=26%	
GOBP_PROSTAGLANDIN_SECRETION	GOBP_PROSTAGLANDIN_SECRETION		20	-0.2977823	-1.0260144	0.40363637	0.91082793	1.0	600	tags=15%, list=3%, signal=15%	
GOBP_PROTEIN_LOCALIZATION_TO_NUCLEOLUS	GOBP_PROTEIN_LOCALIZATION_TO_NUCLEOLUS		17	-0.30758414	-1.0239776	0.4341637	0.9132094	1.0	2674	tags=18%, list=14%, signal=20%	
GOBP_CIRCADIAN_SLEEP_WAKE_CYCLE_PROCESS	GOBP_CIRCADIAN_SLEEP_WAKE_CYCLE_PROCESS		28	-0.27476302	-1.0228107	0.40756303	0.91225123	1.0	2285	tags=21%, list=12%, signal=24%	
GOBP_REGULATION_OF_VITAMIN_METABOLIC_PROCESS	GOBP_REGULATION_OF_VITAMIN_METABOLIC_PROCESS		21	-0.29968917	-1.0196705	0.41240877	0.9187948	1.0	951	tags=19%, list=5%, signal=20%	
GOBP_ECTODERMAL_PLACODE_DEVELOPMENT	GOBP_ECTODERMAL_PLACODE_DEVELOPMENT		16	-0.31397468	-1.0172077	0.42708334	0.9230226	1.0	13566	tags=100%, list=69%, signal=319%	
GOBP_NUCLEOSIDE_BISPHOSPHATE_BIOSYNTHETIC_PROCESS	GOBP_NUCLEOSIDE_BISPHOSPHATE_BIOSYNTHETIC_PROCESS		38	-0.25016987	-1.0145156	0.3970588	0.9284009	1.0	4002	tags=24%, list=20%, signal=30%	
GOBP_MULTICELLULAR_ORGANISMAL_LEVEL_WATER_HOMEOSTASIS	GOBP_MULTICELLULAR_ORGANISMAL_LEVEL_WATER_HOMEOSTASIS		20	-0.2986837	-1.0133283	0.40944883	0.9275508	1.0	434	tags=15%, list=2%, signal=15%	
GOBP_ETHER_METABOLIC_PROCESS	GOBP_ETHER_METABOLIC_PROCESS		24	-0.27960867	-1.0117761	0.44444445	0.9282198	1.0	2983	tags=25%, list=15%, signal=29%	
GOBP_SPERM_CAPACITATION	GOBP_SPERM_CAPACITATION		28	-0.26891056	-1.0083901	0.42040816	0.93605	1.0	2646	tags=21%, list=13%, signal=25%	
GOBP_REGULATION_OF_ENDOTHELIAL_CELL_CHEMOTAXIS	GOBP_REGULATION_OF_ENDOTHELIAL_CELL_CHEMOTAXIS		21	-0.29760513	-1.0061741	0.4344569	0.93941146	1.0	3598	tags=38%, list=18%, signal=47%	
GOBP_OLIGOSACCHARIDE_METABOLIC_PROCESS	GOBP_OLIGOSACCHARIDE_METABOLIC_PROCESS		48	-0.23072991	-1.0045794	0.43093923	0.94021696	1.0	1701	tags=19%, list=9%, signal=20%	
GOBP_RIBONUCLEOPROTEIN_COMPLEX_BIOGENESIS	GOBP_RIBONUCLEOPROTEIN_COMPLEX_BIOGENESIS		424	-0.16621199	-1.001353	0.54545456	0.94719654	1.0	3802	tags=23%, list=19%, signal=28%	
GOBP_REVERSE_CHOLESTEROL_TRANSPORT	GOBP_REVERSE_CHOLESTEROL_TRANSPORT		18	-0.30283776	-1.001129	0.43629342	0.9426579	1.0	1306	tags=17%, list=7%, signal=18%	
GOBP_CATECHOLAMINE_UPTAKE	GOBP_CATECHOLAMINE_UPTAKE		17	-0.30557612	-1.0003539	0.41353384	0.9402169	1.0	935	tags=18%, list=5%, signal=19%	
GOBP_MICROTUBULE_BUNDLE_FORMATION	GOBP_MICROTUBULE_BUNDLE_FORMATION		122	-0.19127588	-1.0000792	0.44347826	0.93599826	1.0	3418	tags=25%, list=17%, signal=30%	
GOBP_ATTACHMENT_OF_SPINDLE_MICROTUBULES_TO_KINETOCHORE	GOBP_ATTACHMENT_OF_SPINDLE_MICROTUBULES_TO_KINETOCHORE		47	-0.23125789	-0.99981004	0.44221106	0.93177885	1.0	3334	tags=30%, list=17%, signal=36%	
GOBP_RESPONSE_TO_ZINC_ION	GOBP_RESPONSE_TO_ZINC_ION		32	-0.26496202	-0.9996302	0.44957983	0.92726624	1.0	3534	tags=38%, list=18%, signal=46%	
GOBP_LINOLEIC_ACID_METABOLIC_PROCESS	GOBP_LINOLEIC_ACID_METABOLIC_PROCESS		17	-0.30541915	-0.99698406	0.48442906	0.9323435	1.0	3032	tags=29%, list=15%, signal=35%	
GOBP_REGULATION_OF_SISTER_CHROMATID_COHESION	GOBP_REGULATION_OF_SISTER_CHROMATID_COHESION		17	-0.29854086	-0.99523187	0.48630136	0.9337192	1.0	3924	tags=41%, list=20%, signal=51%	
GOBP_REGULATION_OF_SYSTEMIC_ARTERIAL_BLOOD_PRESSURE_BY_CIRCULATORY_RENIN_ANGIOTENSIN	GOBP_REGULATION_OF_SYSTEMIC_ARTERIAL_BLOOD_PRESSURE_BY_CIRCULATORY_RENIN_ANGIOTENSIN		15	-0.31425425	-0.9937138	0.43866172	0.93430704	1.0	1592	tags=27%, list=8%, signal=29%	
GOBP_MATURATION_OF_LSU_RRNA_FROM_TRICISTRONIC_RRNA_TRANSCRIPT_SSU_RRNA_5_8S_RRNA_LSU_RRNA	GOBP_MATURATION_OF_LSU_RRNA_FROM_TRICISTRONIC_RRNA_TRANSCRIPT_SSU_RRNA_5_8S_RRNA_LSU_RRNA		18	-0.30879658	-0.9900799	0.46545455	0.94266135	1.0	2852	tags=28%, list=14%, signal=32%	
GOBP_POSITIVE_REGULATION_OF_ENDOTHELIAL_CELL_CHEMOTAXIS	GOBP_POSITIVE_REGULATION_OF_ENDOTHELIAL_CELL_CHEMOTAXIS		16	-0.30751508	-0.98903733	0.4753521	0.94147605	1.0	3569	tags=38%, list=18%, signal=46%	
GOBP_NEGATIVE_REGULATION_OF_MUSCLE_TISSUE_DEVELOPMENT	GOBP_NEGATIVE_REGULATION_OF_MUSCLE_TISSUE_DEVELOPMENT		16	-0.30982974	-0.9868728	0.46289754	0.94478405	1.0	958	tags=19%, list=5%, signal=20%	
GOBP_XENOBIOTIC_TRANSPORT	GOBP_XENOBIOTIC_TRANSPORT		40	-0.23731998	-0.98101574	0.5050505	0.9614241	1.0	931	tags=13%, list=5%, signal=13%	
GOBP_SECRETION_BY_TISSUE	GOBP_SECRETION_BY_TISSUE		52	-0.22203878	-0.98014534	0.46022728	0.9595183	1.0	2089	tags=19%, list=11%, signal=21%	
GOBP_RRNA_METABOLIC_PROCESS	GOBP_RRNA_METABOLIC_PROCESS		248	-0.17330824	-0.9790968	0.4857143	0.9583337	1.0	3238	tags=22%, list=16%, signal=26%	
GOBP_NEGATIVE_REGULATION_OF_CYCLIN_DEPENDENT_PROTEIN_KINASE_ACTIVITY	GOBP_NEGATIVE_REGULATION_OF_CYCLIN_DEPENDENT_PROTEIN_KINASE_ACTIVITY		25	-0.2676527	-0.9774924	0.50574714	0.95918643	1.0	1670	tags=16%, list=8%, signal=17%	
GOBP_RETINAL_CONE_CELL_DIFFERENTIATION	GOBP_RETINAL_CONE_CELL_DIFFERENTIATION		15	-0.30874386	-0.976831	0.4659864	0.9565006	1.0	13669	tags=100%, list=69%, signal=324%	
GOBP_HEPATICOBILIARY_SYSTEM_DEVELOPMENT	GOBP_HEPATICOBILIARY_SYSTEM_DEVELOPMENT		137	-0.18388124	-0.9760498	0.56989247	0.9543573	1.0	3798	tags=26%, list=19%, signal=31%	
GOBP_CELLULAR_RESPONSE_TO_TOXIC_SUBSTANCE	GOBP_CELLULAR_RESPONSE_TO_TOXIC_SUBSTANCE		68	-0.2055004	-0.9691702	0.5466667	0.9745441	1.0	4737	tags=35%, list=24%, signal=46%	
GOBP_CEREBROSPINAL_FLUID_CIRCULATION	GOBP_CEREBROSPINAL_FLUID_CIRCULATION		19	-0.28324455	-0.9670681	0.5087108	0.9771132	1.0	297	tags=11%, list=2%, signal=11%	
GOBP_ENDOCRINE_SYSTEM_DEVELOPMENT	GOBP_ENDOCRINE_SYSTEM_DEVELOPMENT		118	-0.19567707	-0.965916	0.5875	0.9764263	1.0	1803	tags=14%, list=9%, signal=15%	
GOBP_POLYPRENOL_METABOLIC_PROCESS	GOBP_POLYPRENOL_METABOLIC_PROCESS		16	-0.3030886	-0.96528393	0.50530034	0.9737713	1.0	855	tags=13%, list=4%, signal=13%	
GOBP_REGULATION_OF_CHOLESTEROL_EFFLUX	GOBP_REGULATION_OF_CHOLESTEROL_EFFLUX		41	-0.23564678	-0.96410733	0.5169082	0.97311723	1.0	1306	tags=15%, list=7%, signal=16%	
GOBP_ENTRAINMENT_OF_CIRCADIAN_CLOCK	GOBP_ENTRAINMENT_OF_CIRCADIAN_CLOCK		25	-0.26319912	-0.96175176	0.5305343	0.97675765	1.0	85	tags=8%, list=0%, signal=8%	
GOBP_ALPHA_AMINO_ACID_CATABOLIC_PROCESS	GOBP_ALPHA_AMINO_ACID_CATABOLIC_PROCESS		74	-0.20491885	-0.95977926	0.53488374	0.9789274	1.0	2636	tags=22%, list=13%, signal=25%	
GOBP_NEGATIVE_REGULATION_OF_STEROID_METABOLIC_PROCESS	GOBP_NEGATIVE_REGULATION_OF_STEROID_METABOLIC_PROCESS		25	-0.26291883	-0.9567668	0.5103735	0.98484284	1.0	2188	tags=24%, list=11%, signal=27%	
GOBP_REGULATION_OF_MITOTIC_SISTER_CHROMATID_SEGREGATION	GOBP_REGULATION_OF_MITOTIC_SISTER_CHROMATID_SEGREGATION		56	-0.21334463	-0.9551151	0.5748503	0.98568606	1.0	4133	tags=29%, list=21%, signal=36%	
GOBP_HYDROGEN_PEROXIDE_METABOLIC_PROCESS	GOBP_HYDROGEN_PEROXIDE_METABOLIC_PROCESS		46	-0.21984474	-0.95439875	0.57923496	0.98332226	1.0	2158	tags=20%, list=11%, signal=22%	
GOBP_REGULATION_OF_RRNA_PROCESSING	GOBP_REGULATION_OF_RRNA_PROCESSING		16	-0.2965867	-0.95341176	0.53061223	0.9819213	1.0	5028	tags=50%, list=25%, signal=67%	
GOBP_EXTRACELLULAR_TRANSPORT	GOBP_EXTRACELLULAR_TRANSPORT		55	-0.21275967	-0.95194274	0.5326087	0.9822535	1.0	4381	tags=31%, list=22%, signal=40%	
GOBP_UBIQUINONE_METABOLIC_PROCESS	GOBP_UBIQUINONE_METABOLIC_PROCESS		19	-0.2873639	-0.95178473	0.49056605	0.9780184	1.0	3005	tags=32%, list=15%, signal=37%	
GOBP_MEIOSIS_I_CELL_CYCLE_PROCESS	GOBP_MEIOSIS_I_CELL_CYCLE_PROCESS		127	-0.1862396	-0.9445551	0.5813953	0.9987605	1.0	2087	tags=16%, list=11%, signal=17%	
GOBP_WATER_TRANSPORT	GOBP_WATER_TRANSPORT		17	-0.28578544	-0.94434905	0.5492958	0.99460924	1.0	297	tags=12%, list=2%, signal=12%	
GOBP_RETINAL_ROD_CELL_DIFFERENTIATION	GOBP_RETINAL_ROD_CELL_DIFFERENTIATION		22	-0.26435906	-0.942216	0.5514706	0.99736	1.0	1347	tags=14%, list=7%, signal=15%	
GOBP_TRNA_PROCESSING	GOBP_TRNA_PROCESSING		126	-0.18477131	-0.9401802	0.61904764	0.9995357	1.0	2159	tags=17%, list=11%, signal=19%	
GOBP_POSITIVE_REGULATION_OF_FATTY_ACID_TRANSPORT	GOBP_POSITIVE_REGULATION_OF_FATTY_ACID_TRANSPORT		25	-0.25743783	-0.93991256	0.54867256	0.99573964	1.0	2737	tags=28%, list=14%, signal=32%	
GOBP_MITOCHONDRIAL_TRANSCRIPTION	GOBP_MITOCHONDRIAL_TRANSCRIPTION		22	-0.27041644	-0.93873066	0.552	0.9950721	1.0	4423	tags=41%, list=22%, signal=53%	
GOBP_HORMONE_METABOLIC_PROCESS	GOBP_HORMONE_METABOLIC_PROCESS		198	-0.16979532	-0.9364065	0.8235294	0.99823445	1.0	1916	tags=14%, list=10%, signal=16%	
GOBP_EMBRYONIC_BRAIN_DEVELOPMENT	GOBP_EMBRYONIC_BRAIN_DEVELOPMENT		22	-0.26094604	-0.9340386	0.548	1.0	1.0	1305	tags=18%, list=7%, signal=19%	
GOBP_REGULATION_OF_MITOTIC_NUCLEAR_DIVISION	GOBP_REGULATION_OF_MITOTIC_NUCLEAR_DIVISION		113	-0.18076839	-0.93397	0.64772725	0.9971102	1.0	1479	tags=13%, list=7%, signal=14%	
GOBP_CELL_DIFFERENTIATION_IN_SPINAL_CORD	GOBP_CELL_DIFFERENTIATION_IN_SPINAL_CORD		37	-0.23074318	-0.93244207	0.6037736	0.99763817	1.0	2096	tags=22%, list=11%, signal=24%	
GOBP_NEGATIVE_REGULATION_OF_INTERLEUKIN_1_BETA_PRODUCTION	GOBP_NEGATIVE_REGULATION_OF_INTERLEUKIN_1_BETA_PRODUCTION		31	-0.23683609	-0.92954195	0.6142857	1.0	1.0	2473	tags=23%, list=13%, signal=26%	
GOBP_QUATERNARY_AMMONIUM_GROUP_TRANSPORT	GOBP_QUATERNARY_AMMONIUM_GROUP_TRANSPORT		16	-0.28350323	-0.92345315	0.53956836	1.0	1.0	1586	tags=19%, list=8%, signal=20%	
GOBP_REGULATION_OF_DNA_DAMAGE_RESPONSE_SIGNAL_TRANSDUCTION_BY_P53_CLASS_MEDIATOR	GOBP_REGULATION_OF_DNA_DAMAGE_RESPONSE_SIGNAL_TRANSDUCTION_BY_P53_CLASS_MEDIATOR		37	-0.23393145	-0.92330045	0.59414226	1.0	1.0	1949	tags=16%, list=10%, signal=18%	
GOBP_REGULATION_OF_TRANSMISSION_OF_NERVE_IMPULSE	GOBP_REGULATION_OF_TRANSMISSION_OF_NERVE_IMPULSE		22	-0.25923383	-0.9216612	0.5363985	1.0	1.0	2470	tags=23%, list=12%, signal=26%	
GOBP_GANGLION_DEVELOPMENT	GOBP_GANGLION_DEVELOPMENT		15	-0.29484797	-0.9212598	0.5503145	1.0	1.0	1442	tags=20%, list=7%, signal=22%	
GOBP_REGULATION_OF_LEUKOCYTE_TETHERING_OR_ROLLING	GOBP_REGULATION_OF_LEUKOCYTE_TETHERING_OR_ROLLING		19	-0.2670977	-0.9160677	0.56227756	1.0	1.0	3283	tags=32%, list=17%, signal=38%	
GOBP_REGULATION_OF_DNA_CATABOLIC_PROCESS	GOBP_REGULATION_OF_DNA_CATABOLIC_PROCESS		15	-0.28826848	-0.9157725	0.5659164	1.0	1.0	2901	tags=27%, list=15%, signal=31%	
GOBP_MUCUS_SECRETION	GOBP_MUCUS_SECRETION		22	-0.2625603	-0.9156982	0.5560166	1.0	1.0	3544	tags=36%, list=18%, signal=44%	
GOBP_PHOSPHATE_ION_HOMEOSTASIS	GOBP_PHOSPHATE_ION_HOMEOSTASIS		19	-0.2686094	-0.91476166	0.6015326	1.0	1.0	3439	tags=37%, list=17%, signal=45%	
GOBP_TERTIARY_ALCOHOL_METABOLIC_PROCESS	GOBP_TERTIARY_ALCOHOL_METABOLIC_PROCESS		20	-0.26496524	-0.91424084	0.6023166	1.0	1.0	1829	tags=20%, list=9%, signal=22%	
GOBP_CENTRIOLE_ASSEMBLY	GOBP_CENTRIOLE_ASSEMBLY		43	-0.21973215	-0.9141063	0.63316584	1.0	1.0	1937	tags=19%, list=10%, signal=21%	
GOBP_REGULATION_OF_DIGESTIVE_SYSTEM_PROCESS	GOBP_REGULATION_OF_DIGESTIVE_SYSTEM_PROCESS		42	-0.2206174	-0.91296715	0.6730769	1.0	1.0	1856	tags=12%, list=9%, signal=13%	
GOBP_AXONEMAL_DYNEIN_COMPLEX_ASSEMBLY	GOBP_AXONEMAL_DYNEIN_COMPLEX_ASSEMBLY		35	-0.2227479	-0.9087364	0.615	1.0	1.0	3789	tags=26%, list=19%, signal=32%	
GOBP_VITAMIN_METABOLIC_PROCESS	GOBP_VITAMIN_METABOLIC_PROCESS		97	-0.18458042	-0.90798473	0.70434785	1.0	1.0	2732	tags=19%, list=14%, signal=21%	
GOBP_AXONAL_TRANSPORT_OF_MITOCHONDRION	GOBP_AXONAL_TRANSPORT_OF_MITOCHONDRION		17	-0.26254493	-0.9061808	0.5730337	1.0	1.0	14582	tags=100%, list=74%, signal=381%	
GOBP_THIOESTER_BIOSYNTHETIC_PROCESS	GOBP_THIOESTER_BIOSYNTHETIC_PROCESS		26	-0.24439703	-0.9059781	0.60728747	1.0	1.0	4534	tags=23%, list=23%, signal=30%	
GOBP_CELLULAR_RESPONSE_TO_XENOBIOTIC_STIMULUS	GOBP_CELLULAR_RESPONSE_TO_XENOBIOTIC_STIMULUS		151	-0.16905117	-0.9048525	0.80263156	1.0	1.0	3366	tags=23%, list=17%, signal=27%	
GOBP_ALDEHYDE_CATABOLIC_PROCESS	GOBP_ALDEHYDE_CATABOLIC_PROCESS		15	-0.28228477	-0.902918	0.5923567	1.0	1.0	1377	tags=13%, list=7%, signal=14%	
GOBP_RNA_SURVEILLANCE	GOBP_RNA_SURVEILLANCE		17	-0.27403918	-0.89983207	0.5839416	1.0	1.0	14355	tags=100%, list=73%, signal=365%	
GOBP_NEGATIVE_REGULATION_OF_CHROMOSOME_ORGANIZATION	GOBP_NEGATIVE_REGULATION_OF_CHROMOSOME_ORGANIZATION		96	-0.1858426	-0.8976982	0.7352941	1.0	1.0	1825	tags=13%, list=9%, signal=14%	
GOBP_OLEFINIC_COMPOUND_METABOLIC_PROCESS	GOBP_OLEFINIC_COMPOUND_METABOLIC_PROCESS		123	-0.17652011	-0.89588046	0.8	1.0	1.0	3186	tags=20%, list=16%, signal=23%	
GOBP_PEPTIDE_BIOSYNTHETIC_PROCESS	GOBP_PEPTIDE_BIOSYNTHETIC_PROCESS		25	-0.24904238	-0.89493626	0.62139916	1.0	1.0	104	tags=8%, list=1%, signal=8%	
GOBP_RETINA_MORPHOGENESIS_IN_CAMERA_TYPE_EYE	GOBP_RETINA_MORPHOGENESIS_IN_CAMERA_TYPE_EYE		71	-0.19249974	-0.8921292	0.73939395	1.0	1.0	2485	tags=15%, list=13%, signal=18%	
GOBP_POSITIVE_REGULATION_OF_DNA_DAMAGE_RESPONSE_SIGNAL_TRANSDUCTION_BY_P53_CLASS_MEDIATOR	GOBP_POSITIVE_REGULATION_OF_DNA_DAMAGE_RESPONSE_SIGNAL_TRANSDUCTION_BY_P53_CLASS_MEDIATOR		15	-0.28047326	-0.8910801	0.6510791	1.0	1.0	1826	tags=20%, list=9%, signal=22%	
GOBP_ANAPHASE_PROMOTING_COMPLEX_DEPENDENT_CATABOLIC_PROCESS	GOBP_ANAPHASE_PROMOTING_COMPLEX_DEPENDENT_CATABOLIC_PROCESS		18	-0.26795757	-0.89039356	0.6101083	1.0	1.0	3707	tags=33%, list=19%, signal=41%	
GOBP_CORPUS_CALLOSUM_DEVELOPMENT	GOBP_CORPUS_CALLOSUM_DEVELOPMENT		27	-0.24109212	-0.88928	0.6412556	1.0	1.0	290	tags=7%, list=1%, signal=8%	
GOBP_NEGATIVE_REGULATION_OF_NUCLEAR_DIVISION	GOBP_NEGATIVE_REGULATION_OF_NUCLEAR_DIVISION		65	-0.19825047	-0.88911945	0.67320263	1.0	1.0	2651	tags=18%, list=13%, signal=21%	
GOBP_MATURATION_OF_5_8S_RRNA_FROM_TRICISTRONIC_RRNA_TRANSCRIPT_SSU_RRNA_5_8S_RRNA_LSU_RRNA	GOBP_MATURATION_OF_5_8S_RRNA_FROM_TRICISTRONIC_RRNA_TRANSCRIPT_SSU_RRNA_5_8S_RRNA_LSU_RRNA		24	-0.23968157	-0.88590914	0.6401515	1.0	1.0	1408	tags=8%, list=7%, signal=9%	
GOBP_PROSTAGLANDIN_TRANSPORT	GOBP_PROSTAGLANDIN_TRANSPORT		25	-0.25351733	-0.8857173	0.61960787	1.0	1.0	600	tags=12%, list=3%, signal=12%	
GOBP_PSEUDOURIDINE_SYNTHESIS	GOBP_PSEUDOURIDINE_SYNTHESIS		18	-0.25975484	-0.88291955	0.6339623	1.0	1.0	4338	tags=33%, list=22%, signal=43%	
GOBP_NEGATIVE_REGULATION_OF_SMOOTH_MUSCLE_CELL_APOPTOTIC_PROCESS	GOBP_NEGATIVE_REGULATION_OF_SMOOTH_MUSCLE_CELL_APOPTOTIC_PROCESS		20	-0.25296205	-0.8815171	0.6221374	1.0	1.0	264	tags=10%, list=1%, signal=10%	
GOBP_ANGIOTENSIN_ACTIVATED_SIGNALING_PATHWAY	GOBP_ANGIOTENSIN_ACTIVATED_SIGNALING_PATHWAY		19	-0.26376888	-0.88019115	0.5979021	1.0	1.0	1791	tags=21%, list=9%, signal=23%	
GOBP_FEMALE_GAMETE_GENERATION	GOBP_FEMALE_GAMETE_GENERATION		163	-0.17197973	-0.877554	0.85714287	1.0	1.0	2182	tags=15%, list=11%, signal=16%	
GOBP_EXIT_FROM_MITOSIS	GOBP_EXIT_FROM_MITOSIS		27	-0.23543882	-0.8774562	0.67727274	1.0	1.0	1236	tags=15%, list=6%, signal=16%	
GOBP_TYPE_B_PANCREATIC_CELL_APOPTOTIC_PROCESS	GOBP_TYPE_B_PANCREATIC_CELL_APOPTOTIC_PROCESS		17	-0.2672124	-0.87401205	0.5779468	1.0	1.0	24	tags=6%, list=0%, signal=6%	
GOBP_REGULATION_OF_APPETITE	GOBP_REGULATION_OF_APPETITE		25	-0.23563361	-0.8735481	0.6854839	1.0	1.0	2388	tags=16%, list=12%, signal=18%	
GOBP_LIPID_CATABOLIC_PROCESS	GOBP_LIPID_CATABOLIC_PROCESS		314	-0.15159813	-0.8731107	0.9	1.0	1.0	4233	tags=26%, list=21%, signal=33%	
GOBP_DETECTION_OF_MECHANICAL_STIMULUS	GOBP_DETECTION_OF_MECHANICAL_STIMULUS		66	-0.19026327	-0.8726595	0.74285716	1.0	1.0	2526	tags=20%, list=13%, signal=23%	
GOBP_WHITE_FAT_CELL_DIFFERENTIATION	GOBP_WHITE_FAT_CELL_DIFFERENTIATION		22	-0.2470266	-0.8721164	0.6360153	1.0	1.0	462	tags=9%, list=2%, signal=9%	
GOBP_REGULATION_OF_INTRINSIC_APOPTOTIC_SIGNALING_PATHWAY_BY_P53_CLASS_MEDIATOR	GOBP_REGULATION_OF_INTRINSIC_APOPTOTIC_SIGNALING_PATHWAY_BY_P53_CLASS_MEDIATOR		35	-0.21954288	-0.86669374	0.71748877	1.0	1.0	3123	tags=26%, list=16%, signal=30%	
GOBP_PROTEIN_PEPTIDYL_PROLYL_ISOMERIZATION	GOBP_PROTEIN_PEPTIDYL_PROLYL_ISOMERIZATION		24	-0.23553845	-0.865913	0.69058293	1.0	1.0	15117	tags=100%, list=76%, signal=425%	
GOBP_ANDROGEN_METABOLIC_PROCESS	GOBP_ANDROGEN_METABOLIC_PROCESS		27	-0.23743556	-0.8652915	0.70980394	1.0	1.0	4600	tags=33%, list=23%, signal=43%	
GOBP_NEGATIVE_REGULATION_OF_DNA_DAMAGE_RESPONSE_SIGNAL_TRANSDUCTION_BY_P53_CLASS_MEDIATOR	GOBP_NEGATIVE_REGULATION_OF_DNA_DAMAGE_RESPONSE_SIGNAL_TRANSDUCTION_BY_P53_CLASS_MEDIATOR		15	-0.27127555	-0.8652314	0.6418919	1.0	1.0	2664	tags=20%, list=13%, signal=23%	
GOBP_POSITIVE_REGULATION_OF_CHOLESTEROL_EFFLUX	GOBP_POSITIVE_REGULATION_OF_CHOLESTEROL_EFFLUX		31	-0.22296429	-0.86337656	0.6755555	1.0	1.0	1306	tags=13%, list=7%, signal=14%	
GOBP_PTERIDINE_CONTAINING_COMPOUND_METABOLIC_PROCESS	GOBP_PTERIDINE_CONTAINING_COMPOUND_METABOLIC_PROCESS		30	-0.23066401	-0.8616352	0.7252252	1.0	1.0	2801	tags=27%, list=14%, signal=31%	
GOBP_NEPHRON_TUBULE_FORMATION	GOBP_NEPHRON_TUBULE_FORMATION		16	-0.27049285	-0.8593251	0.63106793	1.0	1.0	1803	tags=25%, list=9%, signal=27%	
GOBP_GLYCEROL_ETHER_METABOLIC_PROCESS	GOBP_GLYCEROL_ETHER_METABOLIC_PROCESS		20	-0.25289008	-0.8588924	0.6259259	1.0	1.0	4154	tags=35%, list=21%, signal=44%	
GOBP_CHOLESTEROL_EFFLUX	GOBP_CHOLESTEROL_EFFLUX		61	-0.19162367	-0.8555193	0.7548387	1.0	1.0	1306	tags=11%, list=7%, signal=12%	
GOBP_GLUCOCORTICOID_METABOLIC_PROCESS	GOBP_GLUCOCORTICOID_METABOLIC_PROCESS		22	-0.2447497	-0.85459334	0.66292137	1.0	1.0	2386	tags=23%, list=12%, signal=26%	
GOBP_CHROMOSOME_CONDENSATION	GOBP_CHROMOSOME_CONDENSATION		38	-0.2110637	-0.85375977	0.7378641	1.0	1.0	2125	tags=21%, list=11%, signal=24%	
GOBP_RESPONSE_TO_CAMP	GOBP_RESPONSE_TO_CAMP		58	-0.19010971	-0.8512694	0.78109455	1.0	1.0	2208	tags=16%, list=11%, signal=17%	
GOBP_TUBULIN_DEACETYLATION	GOBP_TUBULIN_DEACETYLATION		23	-0.23982528	-0.85112166	0.6935484	1.0	1.0	3367	tags=35%, list=17%, signal=42%	
GOBP_REGULATION_OF_SYSTEMIC_ARTERIAL_BLOOD_PRESSURE_BY_HORMONE	GOBP_REGULATION_OF_SYSTEMIC_ARTERIAL_BLOOD_PRESSURE_BY_HORMONE		40	-0.20269455	-0.84724575	0.74285716	1.0	1.0	1791	tags=18%, list=9%, signal=19%	
GOBP_MONOATOMIC_ANION_TRANSPORT	GOBP_MONOATOMIC_ANION_TRANSPORT		138	-0.1623963	-0.8471944	0.9325843	1.0	1.0	2526	tags=18%, list=13%, signal=21%	
GOBP_SNRNA_TRANSCRIPTION	GOBP_SNRNA_TRANSCRIPTION		18	-0.2527504	-0.84711856	0.68904597	1.0	1.0	897	tags=11%, list=5%, signal=12%	
GOBP_SPERM_FLAGELLUM_ASSEMBLY	GOBP_SPERM_FLAGELLUM_ASSEMBLY		47	-0.19573537	-0.84351224	0.7704918	1.0	1.0	2931	tags=26%, list=15%, signal=30%	
GOBP_EXTRACELLULAR_MATRIX_CONSTITUENT_SECRETION	GOBP_EXTRACELLULAR_MATRIX_CONSTITUENT_SECRETION		16	-0.27003545	-0.84222686	0.6975089	1.0	1.0	1554	tags=25%, list=8%, signal=27%	
GOBP_NEURAL_RETINA_DEVELOPMENT	GOBP_NEURAL_RETINA_DEVELOPMENT		72	-0.17436849	-0.8418239	0.7586207	1.0	1.0	514	tags=6%, list=3%, signal=6%	
GOBP_REGULATION_OF_CENTRIOLE_REPLICATION	GOBP_REGULATION_OF_CENTRIOLE_REPLICATION		21	-0.23940155	-0.8416435	0.75	1.0	1.0	1907	tags=24%, list=10%, signal=26%	
GOBP_NEURONAL_ACTION_POTENTIAL	GOBP_NEURONAL_ACTION_POTENTIAL		57	-0.18680082	-0.8405423	0.83146065	1.0	1.0	2702	tags=18%, list=14%, signal=20%	
GOBP_NEGATIVE_REGULATION_OF_GLIAL_CELL_DIFFERENTIATION	GOBP_NEGATIVE_REGULATION_OF_GLIAL_CELL_DIFFERENTIATION		35	-0.20726529	-0.83927715	0.768559	1.0	1.0	4661	tags=34%, list=24%, signal=45%	
GOBP_ICOSANOID_TRANSPORT	GOBP_ICOSANOID_TRANSPORT		58	-0.18283132	-0.83671093	0.78205127	1.0	1.0	2238	tags=14%, list=11%, signal=16%	
GOBP_POSITIVE_REGULATION_OF_NEURAL_PRECURSOR_CELL_PROLIFERATION	GOBP_POSITIVE_REGULATION_OF_NEURAL_PRECURSOR_CELL_PROLIFERATION		72	-0.1780927	-0.8345439	0.81060606	1.0	1.0	2032	tags=14%, list=10%, signal=15%	
GOBP_MODIFIED_AMINO_ACID_TRANSPORT	GOBP_MODIFIED_AMINO_ACID_TRANSPORT		34	-0.21047355	-0.8272041	0.73777777	1.0	1.0	1938	tags=18%, list=10%, signal=20%	
GOBP_POSITIVE_REGULATION_OF_MUSCLE_TISSUE_DEVELOPMENT	GOBP_POSITIVE_REGULATION_OF_MUSCLE_TISSUE_DEVELOPMENT		22	-0.23809284	-0.8236915	0.7118056	1.0	1.0	2698	tags=23%, list=14%, signal=26%	
GOBP_C21_STEROID_HORMONE_METABOLIC_PROCESS	GOBP_C21_STEROID_HORMONE_METABOLIC_PROCESS		33	-0.21228458	-0.8212331	0.7451923	1.0	1.0	2159	tags=18%, list=11%, signal=20%	
GOBP_REGULATION_OF_INTESTINAL_ABSORPTION	GOBP_REGULATION_OF_INTESTINAL_ABSORPTION		16	-0.2531024	-0.81923234	0.7172414	1.0	1.0	2474	tags=19%, list=13%, signal=21%	
GOBP_POSITIVE_REGULATION_OF_MEMBRANE_DEPOLARIZATION	GOBP_POSITIVE_REGULATION_OF_MEMBRANE_DEPOLARIZATION		16	-0.2531937	-0.8136108	0.7083333	1.0	1.0	3569	tags=25%, list=18%, signal=30%	
GOBP_SYNAPTONEMAL_COMPLEX_ORGANIZATION	GOBP_SYNAPTONEMAL_COMPLEX_ORGANIZATION		25	-0.22200263	-0.8126058	0.7716895	1.0	1.0	1031	tags=12%, list=5%, signal=13%	
GOBP_MATURATION_OF_5_8S_RRNA	GOBP_MATURATION_OF_5_8S_RRNA		35	-0.2098907	-0.8118914	0.75965667	1.0	1.0	2930	tags=17%, list=15%, signal=20%	
GOBP_IMMATURE_B_CELL_DIFFERENTIATION	GOBP_IMMATURE_B_CELL_DIFFERENTIATION		17	-0.24027874	-0.81164134	0.7536232	1.0	1.0	1202	tags=18%, list=6%, signal=19%	
GOBP_REGULATION_OF_STEROL_TRANSPORT	GOBP_REGULATION_OF_STEROL_TRANSPORT		61	-0.17383535	-0.80926275	0.8466667	1.0	1.0	2581	tags=16%, list=13%, signal=19%	
GOBP_CAMERA_TYPE_EYE_PHOTORECEPTOR_CELL_DIFFERENTIATION	GOBP_CAMERA_TYPE_EYE_PHOTORECEPTOR_CELL_DIFFERENTIATION		37	-0.2067841	-0.80872875	0.82722515	1.0	1.0	2485	tags=16%, list=13%, signal=19%	
GOBP_REGULATION_OF_POSTSYNAPTIC_NEUROTRANSMITTER_RECEPTOR_ACTIVITY	GOBP_REGULATION_OF_POSTSYNAPTIC_NEUROTRANSMITTER_RECEPTOR_ACTIVITY		17	-0.24434744	-0.8021681	0.75958186	1.0	1.0	1251	tags=12%, list=6%, signal=13%	
GOBP_NEGATIVE_REGULATION_OF_OXIDATIVE_STRESS_INDUCED_INTRINSIC_APOPTOTIC_SIGNALING_PATHWAY	GOBP_NEGATIVE_REGULATION_OF_OXIDATIVE_STRESS_INDUCED_INTRINSIC_APOPTOTIC_SIGNALING_PATHWAY		25	-0.22528727	-0.7998362	0.7521739	1.0	1.0	4557	tags=28%, list=23%, signal=36%	
GOBP_RIBOSOMAL_LARGE_SUBUNIT_ASSEMBLY	GOBP_RIBOSOMAL_LARGE_SUBUNIT_ASSEMBLY		23	-0.22395031	-0.79814345	0.77350426	1.0	1.0	1000	tags=13%, list=5%, signal=14%	
GOBP_VESICLE_TARGETING_ROUGH_ER_TO_CIS_GOLGI	GOBP_VESICLE_TARGETING_ROUGH_ER_TO_CIS_GOLGI		20	-0.23802368	-0.7977897	0.7589928	1.0	1.0	616	tags=10%, list=3%, signal=10%	
GOBP_RESPONSE_TO_PROSTAGLANDIN_E	GOBP_RESPONSE_TO_PROSTAGLANDIN_E		22	-0.22367506	-0.79600906	0.7647059	1.0	1.0	2125	tags=23%, list=11%, signal=25%	
GOBP_POSITIVE_REGULATION_OF_MYOBLAST_PROLIFERATION	GOBP_POSITIVE_REGULATION_OF_MYOBLAST_PROLIFERATION		15	-0.25553235	-0.7954958	0.76	1.0	1.0	1442	tags=20%, list=7%, signal=22%	
GOBP_REGULATION_OF_CATECHOLAMINE_METABOLIC_PROCESS	GOBP_REGULATION_OF_CATECHOLAMINE_METABOLIC_PROCESS		21	-0.23370174	-0.7948854	0.7672727	1.0	1.0	1394	tags=14%, list=7%, signal=15%	
GOBP_ISOPRENOID_METABOLIC_PROCESS	GOBP_ISOPRENOID_METABOLIC_PROCESS		86	-0.1610834	-0.7911279	0.9369369	1.0	1.0	1453	tags=9%, list=7%, signal=10%	
GOBP_AUTOPHAGY_OF_PEROXISOME	GOBP_AUTOPHAGY_OF_PEROXISOME		15	-0.25188598	-0.7908354	0.74915254	1.0	1.0	14792	tags=100%, list=75%, signal=397%	
GOBP_PHOSPHATIDYLCHOLINE_CATABOLIC_PROCESS	GOBP_PHOSPHATIDYLCHOLINE_CATABOLIC_PROCESS		15	-0.24116533	-0.78842485	0.75409836	1.0	1.0	5331	tags=47%, list=27%, signal=64%	
GOBP_REGULATION_OF_SPINDLE_CHECKPOINT	GOBP_REGULATION_OF_SPINDLE_CHECKPOINT		24	-0.2149832	-0.7871702	0.7845529	1.0	1.0	5658	tags=42%, list=29%, signal=58%	
GOBP_PYRIMIDINE_DEOXYRIBONUCLEOSIDE_MONOPHOSPHATE_METABOLIC_PROCESS	GOBP_PYRIMIDINE_DEOXYRIBONUCLEOSIDE_MONOPHOSPHATE_METABOLIC_PROCESS		16	-0.24770051	-0.784899	0.75333333	1.0	1.0	391	tags=13%, list=2%, signal=13%	
GOBP_RIBOSOMAL_SUBUNIT_EXPORT_FROM_NUCLEUS	GOBP_RIBOSOMAL_SUBUNIT_EXPORT_FROM_NUCLEUS		17	-0.2387448	-0.7814957	0.75510204	1.0	1.0	2695	tags=24%, list=14%, signal=27%	
GOBP_PROTEIN_LOCALIZATION_TO_NUCLEAR_ENVELOPE	GOBP_PROTEIN_LOCALIZATION_TO_NUCLEAR_ENVELOPE		15	-0.24994576	-0.7780247	0.7863777	1.0	1.0	1091	tags=13%, list=6%, signal=14%	
GOBP_REGULATION_OF_AMINE_METABOLIC_PROCESS	GOBP_REGULATION_OF_AMINE_METABOLIC_PROCESS		33	-0.19463085	-0.7732783	0.8689956	1.0	1.0	1413	tags=12%, list=7%, signal=13%	
GOBP_GLYCEROPHOSPHOLIPID_CATABOLIC_PROCESS	GOBP_GLYCEROPHOSPHOLIPID_CATABOLIC_PROCESS		34	-0.18989459	-0.7694574	0.88659793	1.0	1.0	16020	tags=100%, list=81%, signal=527%	
GOBP_NUCLEOTIDE_TRANSMEMBRANE_TRANSPORT	GOBP_NUCLEOTIDE_TRANSMEMBRANE_TRANSPORT		20	-0.21763796	-0.76872706	0.83203125	1.0	1.0	3773	tags=35%, list=19%, signal=43%	
GOBP_INNER_MITOCHONDRIAL_MEMBRANE_ORGANIZATION	GOBP_INNER_MITOCHONDRIAL_MEMBRANE_ORGANIZATION		38	-0.19348375	-0.7681678	0.82843137	1.0	1.0	3933	tags=32%, list=20%, signal=39%	
GOBP_POSITIVE_REGULATION_OF_PROTEIN_SUMOYLATION	GOBP_POSITIVE_REGULATION_OF_PROTEIN_SUMOYLATION		16	-0.2357061	-0.76799595	0.7781457	1.0	1.0	3095	tags=31%, list=16%, signal=37%	
GOBP_DETECTION_OF_MECHANICAL_STIMULUS_INVOLVED_IN_SENSORY_PERCEPTION_OF_SOUND	GOBP_DETECTION_OF_MECHANICAL_STIMULUS_INVOLVED_IN_SENSORY_PERCEPTION_OF_SOUND		22	-0.21586353	-0.76775604	0.8129771	1.0	1.0	2524	tags=23%, list=13%, signal=26%	
GOBP_NEGATIVE_REGULATION_OF_FEEDING_BEHAVIOR	GOBP_NEGATIVE_REGULATION_OF_FEEDING_BEHAVIOR		15	-0.24216495	-0.76759017	0.79710144	1.0	1.0	14984	tags=100%, list=76%, signal=413%	
GOBP_NEGATIVE_REGULATION_OF_OXIDOREDUCTASE_ACTIVITY	GOBP_NEGATIVE_REGULATION_OF_OXIDOREDUCTASE_ACTIVITY		17	-0.2349099	-0.76662827	0.8171642	1.0	1.0	2155	tags=24%, list=11%, signal=26%	
GOBP_REGULATION_OF_CATECHOLAMINE_SECRETION	GOBP_REGULATION_OF_CATECHOLAMINE_SECRETION		52	-0.1740629	-0.76299703	0.9	1.0	1.0	3038	tags=17%, list=15%, signal=20%	
GOBP_DETECTION_OF_MECHANICAL_STIMULUS_INVOLVED_IN_SENSORY_PERCEPTION	GOBP_DETECTION_OF_MECHANICAL_STIMULUS_INVOLVED_IN_SENSORY_PERCEPTION		54	-0.17708875	-0.7610475	0.9041916	1.0	1.0	2524	tags=19%, list=13%, signal=21%	
GOBP_INTESTINAL_LIPID_ABSORPTION	GOBP_INTESTINAL_LIPID_ABSORPTION		20	-0.21358456	-0.75428534	0.84388185	1.0	1.0	1306	tags=10%, list=7%, signal=11%	
GOBP_INTRACILIARY_RETROGRADE_TRANSPORT	GOBP_INTRACILIARY_RETROGRADE_TRANSPORT		15	-0.23425002	-0.7483611	0.8294314	1.0	1.0	4897	tags=47%, list=25%, signal=62%	
GOBP_REGULATION_OF_OXIDATIVE_STRESS_INDUCED_INTRINSIC_APOPTOTIC_SIGNALING_PATHWAY	GOBP_REGULATION_OF_OXIDATIVE_STRESS_INDUCED_INTRINSIC_APOPTOTIC_SIGNALING_PATHWAY		38	-0.18734872	-0.7476677	0.90384614	1.0	1.0	4557	tags=26%, list=23%, signal=34%	
GOBP_NEGATIVE_REGULATION_OF_B_CELL_PROLIFERATION	GOBP_NEGATIVE_REGULATION_OF_B_CELL_PROLIFERATION		20	-0.21001	-0.7469044	0.84363633	1.0	1.0	33	tags=5%, list=0%, signal=5%	
GOBP_GMP_METABOLIC_PROCESS	GOBP_GMP_METABOLIC_PROCESS		23	-0.21666369	-0.74375504	0.836	1.0	1.0	3331	tags=30%, list=17%, signal=37%	
GOBP_POSITIVE_REGULATION_OF_TRANSCRIPTION_REGULATORY_REGION_DNA_BINDING	GOBP_POSITIVE_REGULATION_OF_TRANSCRIPTION_REGULATORY_REGION_DNA_BINDING		19	-0.21969911	-0.7428443	0.8367347	1.0	1.0	24	tags=5%, list=0%, signal=5%	
GOBP_REGULATION_OF_CILIUM_MOVEMENT	GOBP_REGULATION_OF_CILIUM_MOVEMENT		36	-0.18950391	-0.74194545	0.91402715	1.0	1.0	1817	tags=14%, list=9%, signal=15%	
GOBP_ESTROGEN_METABOLIC_PROCESS	GOBP_ESTROGEN_METABOLIC_PROCESS		26	-0.2007827	-0.7415911	0.8784314	1.0	1.0	2745	tags=23%, list=14%, signal=27%	
GOBP_PROTON_TRANSPORTING_TWO_SECTOR_ATPASE_COMPLEX_ASSEMBLY	GOBP_PROTON_TRANSPORTING_TWO_SECTOR_ATPASE_COMPLEX_ASSEMBLY		15	-0.22851953	-0.7394744	0.83828384	1.0	1.0	4073	tags=47%, list=21%, signal=59%	
GOBP_RETINOL_METABOLIC_PROCESS	GOBP_RETINOL_METABOLIC_PROCESS		23	-0.20734619	-0.738286	0.85214007	1.0	1.0	2280	tags=17%, list=12%, signal=20%	
GOBP_NUCLEOBASE_CONTAINING_SMALL_MOLECULE_BIOSYNTHETIC_PROCESS	GOBP_NUCLEOBASE_CONTAINING_SMALL_MOLECULE_BIOSYNTHETIC_PROCESS		15	-0.23493856	-0.7368214	0.8513514	1.0	1.0	179	tags=7%, list=1%, signal=7%	
GOBP_ACETYL_COA_METABOLIC_PROCESS	GOBP_ACETYL_COA_METABOLIC_PROCESS		34	-0.18623598	-0.7364803	0.88	1.0	1.0	4534	tags=26%, list=23%, signal=34%	
GOBP_POSITIVE_REGULATION_OF_TRIGLYCERIDE_BIOSYNTHETIC_PROCESS	GOBP_POSITIVE_REGULATION_OF_TRIGLYCERIDE_BIOSYNTHETIC_PROCESS		19	-0.21628602	-0.73599964	0.8484849	1.0	1.0	15496	tags=100%, list=78%, signal=462%	
GOBP_INTERMEDIATE_FILAMENT_ORGANIZATION	GOBP_INTERMEDIATE_FILAMENT_ORGANIZATION		45	-0.17501453	-0.7346694	0.91764706	1.0	1.0	3056	tags=22%, list=15%, signal=26%	
GOBP_NEGATIVE_REGULATION_OF_OLIGODENDROCYTE_DIFFERENTIATION	GOBP_NEGATIVE_REGULATION_OF_OLIGODENDROCYTE_DIFFERENTIATION		17	-0.22284672	-0.72967577	0.88	1.0	1.0	15366	tags=100%, list=78%, signal=449%	
GOBP_PURINE_CONTAINING_COMPOUND_SALVAGE	GOBP_PURINE_CONTAINING_COMPOUND_SALVAGE		21	-0.21049197	-0.7224049	0.89387757	1.0	1.0	4643	tags=38%, list=23%, signal=50%	
GOBP_RESPONSE_TO_PAIN	GOBP_RESPONSE_TO_PAIN		46	-0.16806516	-0.7203027	0.92746115	1.0	1.0	1460	tags=11%, list=7%, signal=12%	
GOBP_NONRIBOSOMAL_PEPTIDE_BIOSYNTHETIC_PROCESS	GOBP_NONRIBOSOMAL_PEPTIDE_BIOSYNTHETIC_PROCESS		16	-0.22181416	-0.7199677	0.8636364	1.0	1.0	104	tags=6%, list=1%, signal=6%	
GOBP_RESPIRATORY_BURST	GOBP_RESPIRATORY_BURST		28	-0.19500344	-0.7192404	0.8973214	1.0	1.0	3746	tags=32%, list=19%, signal=40%	
GOBP_CELL_PROLIFERATION_IN_HINDBRAIN	GOBP_CELL_PROLIFERATION_IN_HINDBRAIN		15	-0.2238071	-0.7157458	0.9097473	1.0	1.0	204	tags=7%, list=1%, signal=7%	
GOBP_XENOBIOTIC_CATABOLIC_PROCESS	GOBP_XENOBIOTIC_CATABOLIC_PROCESS		19	-0.21639055	-0.71507454	0.8969072	1.0	1.0	4620	tags=32%, list=23%, signal=41%	
GOBP_COENZYME_A_METABOLIC_PROCESS	GOBP_COENZYME_A_METABOLIC_PROCESS		20	-0.20680575	-0.7029645	0.8988327	1.0	1.0	4534	tags=40%, list=23%, signal=52%	
GOBP_VIRAL_TRANSLATION	GOBP_VIRAL_TRANSLATION		18	-0.20627129	-0.6921822	0.8736462	1.0	1.0	1084	tags=11%, list=5%, signal=12%	
GOBP_PROTEIN_QUALITY_CONTROL_FOR_MISFOLDED_OR_INCOMPLETELY_SYNTHESIZED_PROTEINS	GOBP_PROTEIN_QUALITY_CONTROL_FOR_MISFOLDED_OR_INCOMPLETELY_SYNTHESIZED_PROTEINS		17	-0.20488761	-0.6848166	0.9127273	1.0	1.0	5647	tags=47%, list=29%, signal=66%	
GOBP_APOPTOTIC_DNA_FRAGMENTATION	GOBP_APOPTOTIC_DNA_FRAGMENTATION		18	-0.20928288	-0.68074065	0.8865248	1.0	1.0	33	tags=6%, list=0%, signal=6%	
GOBP_REGULATION_OF_SENSORY_PERCEPTION	GOBP_REGULATION_OF_SENSORY_PERCEPTION		17	-0.21019064	-0.6802048	0.8943662	1.0	1.0	1526	tags=18%, list=8%, signal=19%	
GOBP_LONG_CHAIN_FATTY_ACID_BIOSYNTHETIC_PROCESS	GOBP_LONG_CHAIN_FATTY_ACID_BIOSYNTHETIC_PROCESS		21	-0.19919577	-0.67930007	0.9087591	1.0	1.0	13423	tags=95%, list=68%, signal=296%	
GOBP_RRNA_MODIFICATION	GOBP_RRNA_MODIFICATION		29	-0.17847541	-0.6759381	0.95	1.0	1.0	2583	tags=21%, list=13%, signal=24%	
GOBP_NEGATIVE_REGULATION_OF_CATECHOLAMINE_SECRETION	GOBP_NEGATIVE_REGULATION_OF_CATECHOLAMINE_SECRETION		17	-0.20607777	-0.6720721	0.90068495	1.0	1.0	13534	tags=94%, list=68%, signal=298%	
GOBP_NITRIC_OXIDE_SYNTHASE_BIOSYNTHETIC_PROCESS	GOBP_NITRIC_OXIDE_SYNTHASE_BIOSYNTHETIC_PROCESS		29	-0.18296385	-0.67034096	0.94570136	1.0	1.0	2473	tags=21%, list=13%, signal=24%	
GOBP_TRICARBOXYLIC_ACID_CYCLE	GOBP_TRICARBOXYLIC_ACID_CYCLE		33	-0.1673249	-0.6670975	0.9398148	1.0	1.0	5261	tags=48%, list=27%, signal=66%	
GOBP_NEGATIVE_REGULATION_OF_TUMOR_NECROSIS_FACTOR_MEDIATED_SIGNALING_PATHWAY	GOBP_NEGATIVE_REGULATION_OF_TUMOR_NECROSIS_FACTOR_MEDIATED_SIGNALING_PATHWAY		23	-0.19123903	-0.66504997	0.90804595	1.0	1.0	2710	tags=22%, list=14%, signal=25%	
GOBP_EPITHELIAL_TUBE_BRANCHING_INVOLVED_IN_LUNG_MORPHOGENESIS	GOBP_EPITHELIAL_TUBE_BRANCHING_INVOLVED_IN_LUNG_MORPHOGENESIS		40	-0.16486485	-0.65877336	0.9424084	1.0	1.0	1916	tags=15%, list=10%, signal=17%	
GOBP_VITAMIN_TRANSMEMBRANE_TRANSPORT	GOBP_VITAMIN_TRANSMEMBRANE_TRANSPORT		20	-0.19409396	-0.6564437	0.9084249	1.0	1.0	1938	tags=15%, list=10%, signal=17%	
GOBP_DNA_DAMAGE_RESPONSE_SIGNAL_TRANSDUCTION_RESULTING_IN_TRANSCRIPTION	GOBP_DNA_DAMAGE_RESPONSE_SIGNAL_TRANSDUCTION_RESULTING_IN_TRANSCRIPTION		17	-0.19559738	-0.65014696	0.9379562	1.0	1.0	3383	tags=29%, list=17%, signal=35%	
GOBP_POSITIVE_REGULATION_OF_TRIGLYCERIDE_METABOLIC_PROCESS	GOBP_POSITIVE_REGULATION_OF_TRIGLYCERIDE_METABOLIC_PROCESS		26	-0.17361467	-0.6483519	0.9439655	1.0	1.0	908	tags=8%, list=5%, signal=8%	
GOBP_NEGATIVE_REGULATION_OF_DOUBLE_STRAND_BREAK_REPAIR_VIA_HOMOLOGOUS_RECOMBINATION	GOBP_NEGATIVE_REGULATION_OF_DOUBLE_STRAND_BREAK_REPAIR_VIA_HOMOLOGOUS_RECOMBINATION		24	-0.18154904	-0.6444742	0.94464946	1.0	1.0	4299	tags=33%, list=22%, signal=43%	
GOBP_REGULATION_OF_CYSTEINE_TYPE_ENDOPEPTIDASE_ACTIVITY_INVOLVED_IN_APOPTOTIC_SIGNALING_PATHWAY	GOBP_REGULATION_OF_CYSTEINE_TYPE_ENDOPEPTIDASE_ACTIVITY_INVOLVED_IN_APOPTOTIC_SIGNALING_PATHWAY		16	-0.1992405	-0.64139044	0.9323843	1.0	1.0	15832	tags=100%, list=80%, signal=502%	
GOBP_POSITIVE_REGULATION_OF_MITOCHONDRIAL_TRANSLATION	GOBP_POSITIVE_REGULATION_OF_MITOCHONDRIAL_TRANSLATION		17	-0.19383836	-0.6369503	0.9128788	1.0	1.0	3444	tags=29%, list=17%, signal=36%	
GOBP_BRANCH_ELONGATION_OF_AN_EPITHELIUM	GOBP_BRANCH_ELONGATION_OF_AN_EPITHELIUM		22	-0.17862833	-0.6284223	0.9414226	1.0	1.0	1442	tags=14%, list=7%, signal=15%	
GOBP_NEGATIVE_REGULATION_OF_INTRINSIC_APOPTOTIC_SIGNALING_PATHWAY_BY_P53_CLASS_MEDIATOR	GOBP_NEGATIVE_REGULATION_OF_INTRINSIC_APOPTOTIC_SIGNALING_PATHWAY_BY_P53_CLASS_MEDIATOR		22	-0.17393103	-0.61640465	0.969697	1.0	1.0	3123	tags=23%, list=16%, signal=27%	
GOBP_TERPENOID_METABOLIC_PROCESS	GOBP_TERPENOID_METABOLIC_PROCESS		60	-0.13359085	-0.6110405	0.9868421	1.0	1.0	1284	tags=8%, list=6%, signal=9%	
GOBP_WATER_SOLUBLE_VITAMIN_METABOLIC_PROCESS	GOBP_WATER_SOLUBLE_VITAMIN_METABOLIC_PROCESS		52	-0.14198877	-0.60916024	0.9942857	1.0	1.0	2494	tags=15%, list=13%, signal=18%	
GOBP_REGULATION_OF_TELOMERE_MAINTENANCE_IN_RESPONSE_TO_DNA_DAMAGE	GOBP_REGULATION_OF_TELOMERE_MAINTENANCE_IN_RESPONSE_TO_DNA_DAMAGE		20	-0.17740302	-0.60406476	0.96747965	1.0	1.0	16264	tags=100%, list=82%, signal=564%	
GOBP_DIET_INDUCED_THERMOGENESIS	GOBP_DIET_INDUCED_THERMOGENESIS		15	-0.18625274	-0.6014348	0.9531773	1.0	1.0	1521	tags=13%, list=8%, signal=14%	
GOBP_TRIGLYCERIDE_CATABOLIC_PROCESS	GOBP_TRIGLYCERIDE_CATABOLIC_PROCESS		25	-0.16148688	-0.6007722	0.9797571	1.0	1.0	3875	tags=28%, list=20%, signal=35%	
GOBP_RENAL_TUBULAR_SECRETION	GOBP_RENAL_TUBULAR_SECRETION		15	-0.18740268	-0.5941221	0.97269624	1.0	1.0	1791	tags=13%, list=9%, signal=15%	
GOBP_TERPENOID_BIOSYNTHETIC_PROCESS	GOBP_TERPENOID_BIOSYNTHETIC_PROCESS		19	-0.17672671	-0.5817436	0.9751773	1.0	1.0	951	tags=11%, list=5%, signal=11%	
GOBP_GLYCEROLIPID_CATABOLIC_PROCESS	GOBP_GLYCEROLIPID_CATABOLIC_PROCESS		63	-0.12459778	-0.5724235	1.0	1.0	1.0	4568	tags=30%, list=23%, signal=39%	
GOBP_PURINE_RIBONUCLEOTIDE_SALVAGE	GOBP_PURINE_RIBONUCLEOTIDE_SALVAGE		15	-0.17081653	-0.5590534	0.9893617	1.0	1.0	4643	tags=40%, list=23%, signal=52%	
GOBP_REGULATION_OF_AMYLOID_FIBRIL_FORMATION	GOBP_REGULATION_OF_AMYLOID_FIBRIL_FORMATION		16	-0.17092146	-0.54362094	0.99256504	1.0	1.0	4499	tags=38%, list=23%, signal=49%	
GOBP_NEGATIVE_REGULATION_OF_MULTICELLULAR_ORGANISM_GROWTH	GOBP_NEGATIVE_REGULATION_OF_MULTICELLULAR_ORGANISM_GROWTH		16	-0.16829596	-0.54123574	0.9908257	1.0	1.0	380	tags=6%, list=2%, signal=6%	
GOBP_REGULATION_OF_BLOOD_VESSEL_ENDOTHELIAL_CELL_PROLIFERATION_INVOLVED_IN_SPROUTING_ANGIOGENESIS	GOBP_REGULATION_OF_BLOOD_VESSEL_ENDOTHELIAL_CELL_PROLIFERATION_INVOLVED_IN_SPROUTING_ANGIOGENESIS		17	-0.15486996	-0.5237549	0.9831081	1.0	1.0	491	tags=6%, list=2%, signal=6%	
GOBP_ARGININE_METABOLIC_PROCESS	GOBP_ARGININE_METABOLIC_PROCESS		18	-0.1446794	-0.48854244	0.992126	1.0	1.0	4803	tags=33%, list=24%, signal=44%	
GOBP_PEPTIDYL_GLUTAMIC_ACID_MODIFICATION	GOBP_PEPTIDYL_GLUTAMIC_ACID_MODIFICATION		24	-0.12601383	-0.44444153	1.0	1.0	1.0	3282	tags=21%, list=17%, signal=25%	
GOBP_POSITIVE_REGULATION_OF_SMOOTH_MUSCLE_CELL_DIFFERENTIATION	GOBP_POSITIVE_REGULATION_OF_SMOOTH_MUSCLE_CELL_DIFFERENTIATION		18	-0.11437882	-0.3749339	1.0	1.0	1.0	14317	tags=94%, list=72%, signal=342%	
GOBP_NEGATIVE_REGULATION_OF_FATTY_ACID_OXIDATION	GOBP_NEGATIVE_REGULATION_OF_FATTY_ACID_OXIDATION		16	-0.11293	-0.37039566	1.0	0.99996245	1.0	5686	tags=44%, list=29%, signal=61%	
